recipe_uri,label,dietLabels,healthLabels,mealType,Energy(cal),Fat(g),Protein(g),Carbohydrates(g),Fiber(g)
http://www.edamam.com/ontologies/edamam.owl#recipe_2e9b699be433fab7da069629e1699455,Easy Mango-Blackberry Smoothie Recipe,"['Balanced', 'High-Fiber', 'Low-Sodium']","['Vegetarian', 'Pescatarian', 'Mediterranean', 'Gluten-Free', 'Wheat-Free', 'Egg-Free', 'Peanut-Free', 'Tree-Nut-Free', 'Soy-Free', 'Fish-Free', 'Shellfish-Free', 'Pork-Free', 'Red-Meat-Free', 'Crustacean-Free', 'Celery-Free', 'Mustard-Free', 'Sesame-Free', 'Lupine-Free', 'Mollusk-Free', 'Alcohol-Free', 'No oil added', 'Sulfite-Free', 'Kosher', 'Immuno-Supportive']",['breakfast'],274.59632724687503,9.03277698490625,11.235392671468752,41.24925127540625,8.6357612653125
http://www.edamam.com/ontologies/edamam.owl#recipe_067f0b7be628ae847366e4f3e614b319,Maple Banana Frozen Yogurt,"['Balanced', 'Low-Sodium']","['Vegetarian', 'Pescatarian', 'Mediterranean', 'Gluten-Free', 'Wheat-Free', 'Egg-Free', 'Peanut-Free', 'Tree-Nut-Free', 'Soy-Free', 'Fish-Free', 'Shellfish-Free', 'Pork-Free', 'Red-Meat-Free', 'Crustacean-Free', 'Celery-Free', 'Mustard-Free', 'Sesame-Free', 'Lupine-Free', 'Mollusk-Free', 'Alcohol-Free', 'No oil added', 'Sulfite-Free', 'Kosher']",['lunch/dinner'],494.7333457000001,15.507892025000002,18.264435239000004,74.42580444200001,6.0164
http://www.edamam.com/ontologies/edamam.owl#recipe_3bc095c814af01cfc5e12aa3c3bad9e6,Crispy Frizzled Artichokes recipes,"['Balanced', 'Low-Sodium']","['Sugar-Conscious', 'Low Potassium', 'Kidney-Friendly', 'Keto-Friendly', 'Vegan', 'Vegetarian', 'Pescatarian', 'Paleo', 'Mediterranean', 'DASH', 'Dairy-Free', 'Gluten-Free', 'Wheat-Free', 'Egg-Free', 'Peanut-Free', 'Tree-Nut-Free', 'Soy-Free', 'Fish-Free', 'Shellfish-Free', 'Pork-Free', 'Red-Meat-Free', 'Crustacean-Free', 'Celery-Free', 'Mustard-Free', 'Sesame-Free', 'Lupine-Free', 'Mollusk-Free', 'Alcohol-Free', 'Sulfite-Free', 'FODMAP-Free', 'Kosher', 'Immuno-Supportive']",['lunch/dinner'],51.880313599999994,2.1001999999999996,1.3978800000000002,11.76852,3.5411999999999995
http://www.edamam.com/ontologies/edamam.owl#recipe_fc39484a6eb3f14aefe6db632cac9ecc,Frothy Indian Coffee,"['Balanced', 'Low-Sodium']","['Kidney-Friendly', 'Vegetarian', 'Pescatarian', 'Gluten-Free', 'Wheat-Free', 'Egg-Free', 'Peanut-Free', 'Tree-Nut-Free', 'Soy-Free', 'Fish-Free', 'Shellfish-Free', 'Pork-Free', 'Red-Meat-Free', 'Crustacean-Free', 'Celery-Free', 'Mustard-Free', 'Sesame-Free', 'Lupine-Free', 'Mollusk-Free', 'Alcohol-Free', 'No oil added', 'Kosher']",['teatime'],187.23599999928382,5.962499999998985,6.130499999975248,27.845999999847027,0.0
http://www.edamam.com/ontologies/edamam.owl#recipe_49864e04de41a2512ee21919e26f482c,Ultimate Chickpea Noodle Soup recipes,"['Balanced', 'High-Fiber']","['Vegan', 'Vegetarian', 'Pescatarian', 'Mediterranean', 'Dairy-Free', 'Egg-Free', 'Peanut-Free', 'Tree-Nut-Free', 'Soy-Free', 'Fish-Free', 'Shellfish-Free', 'Pork-Free', 'Red-Meat-Free', 'Crustacean-Free', 'Celery-Free', 'Mustard-Free', 'Sesame-Free', 'Lupine-Free', 'Mollusk-Free', 'Alcohol-Free', 'Sulfite-Free', 'Kosher']",['lunch/dinner'],2788.28734183962,99.070495603805,104.45617469551999,380.37632267178503,54.62671287072
http://www.edamam.com/ontologies/edamam.owl#recipe_1c0fd9a2dc4dbf64a7bbf4fe4c0bd310,Squid Ink Pasta With Stilton Blue And Fresh Figs,"['Balanced', 'High-Fiber']","['Vegetarian', 'Pescatarian', 'Mediterranean', 'Egg-Free', 'Peanut-Free', 'Tree-Nut-Free', 'Soy-Free', 'Fish-Free', 'Shellfish-Free', 'Pork-Free', 'Red-Meat-Free', 'Crustacean-Free', 'Celery-Free', 'Mustard-Free', 'Sesame-Free', 'Lupine-Free', 'Mollusk-Free', 'Alcohol-Free', 'Sulfite-Free', 'Kosher', 'Immuno-Supportive']",['lunch/dinner'],1488.3269911462678,43.228017994170784,39.701164533720004,240.6008326813667,18.20103631330389
http://www.edamam.com/ontologies/edamam.owl#recipe_289e0b03ad7059c37420bfed928dd4af,PÃ£o De Queijo (Brazilian Cheese Bread),"['Balanced', 'Low-Sodium']","['Sugar-Conscious', 'Low Potassium', 'Kidney-Friendly', 'Vegetarian', 'Pescatarian', 'Gluten-Free', 'Wheat-Free', 'Peanut-Free', 'Tree-Nut-Free', 'Soy-Free', 'Fish-Free', 'Shellfish-Free', 'Pork-Free', 'Red-Meat-Free', 'Crustacean-Free', 'Celery-Free', 'Mustard-Free', 'Sesame-Free', 'Lupine-Free', 'Mollusk-Free', 'Alcohol-Free', 'Sulfite-Free', 'Kosher']",['breakfast'],3473.94591455,161.73376546875,94.37365495125,424.005282512375,0.0
http://www.edamam.com/ontologies/edamam.owl#recipe_ab7b274349df0ce399cd05b5167d7052,Panisse Recipe,"['Balanced', 'High-Fiber']","['Vegan', 'Vegetarian', 'Pescatarian', 'Mediterranean', 'Dairy-Free', 'Gluten-Free', 'Wheat-Free', 'Egg-Free', 'Peanut-Free', 'Tree-Nut-Free', 'Soy-Free', 'Fish-Free', 'Shellfish-Free', 'Pork-Free', 'Red-Meat-Free', 'Crustacean-Free', 'Celery-Free', 'Mustard-Free', 'Sesame-Free', 'Lupine-Free', 'Mollusk-Free', 'Alcohol-Free', 'Sulfite-Free', 'Kosher']",['lunch/dinner'],1565.910468750245,71.4375937500277,63.83999999999999,164.73,30.780000000000005
http://www.edamam.com/ontologies/edamam.owl#recipe_fcdaa0c7a0afa8be05fe1e65f3854f59,Chocolate Milk from Scratch Recipe,"['Balanced', 'Low-Sodium']","['Vegetarian', 'Pescatarian', 'Gluten-Free', 'Wheat-Free', 'Egg-Free', 'Peanut-Free', 'Tree-Nut-Free', 'Soy-Free', 'Fish-Free', 'Shellfish-Free', 'Pork-Free', 'Red-Meat-Free', 'Crustacean-Free', 'Celery-Free', 'Mustard-Free', 'Sesame-Free', 'Lupine-Free', 'Mollusk-Free', 'Alcohol-Free', 'No oil added', 'Kosher']",['lunch/dinner'],171.07000000112754,8.298187500018674,8.228640625027523,17.632687500300303,1.0049687500509732
http://www.edamam.com/ontologies/edamam.owl#recipe_3d45f44e2e398b038c1113b0fd9a484c,Seven-Yolk Pasta Dough,"['Balanced', 'Low-Sodium']","['Sugar-Conscious', 'Low Potassium', 'Kidney-Friendly', 'Vegetarian', 'Pescatarian', 'Mediterranean', 'Peanut-Free', 'Tree-Nut-Free', 'Soy-Free', 'Fish-Free', 'Shellfish-Free', 'Pork-Free', 'Red-Meat-Free', 'Crustacean-Free', 'Celery-Free', 'Mustard-Free', 'Sesame-Free', 'Lupine-Free', 'Mollusk-Free', 'Alcohol-Free', 'Sulfite-Free', 'Kosher']",['lunch/dinner'],1294.2981134000004,41.245102613,46.350507054999994,177.78728915500002,6.123496995000001
http://www.edamam.com/ontologies/edamam.owl#recipe_4257d55367f55e4021acbeb6d6820923,Mixed Berry Ricotta Fool,"['Balanced', 'Low-Sodium']","['Kidney-Friendly', 'Vegetarian', 'Pescatarian', 'Gluten-Free', 'Wheat-Free', 'Egg-Free', 'Peanut-Free', 'Tree-Nut-Free', 'Soy-Free', 'Fish-Free', 'Shellfish-Free', 'Pork-Free', 'Red-Meat-Free', 'Crustacean-Free', 'Celery-Free', 'Mustard-Free', 'Sesame-Free', 'Lupine-Free', 'Mollusk-Free', 'Alcohol-Free', 'No oil added', 'Kosher']",['lunch/dinner'],115.19449999937494,4.9038649999204695,4.033800416608415,15.402520833424234,2.4630625000003583
http://www.edamam.com/ontologies/edamam.owl#recipe_5deb035300431c30319d1f77afdefa89,Olive Oil Cracker recipes,"['Balanced', 'High-Fiber']","['Sugar-Conscious', 'Vegan', 'Vegetarian', 'Pescatarian', 'Mediterranean', 'Dairy-Free', 'Egg-Free', 'Peanut-Free', 'Tree-Nut-Free', 'Soy-Free', 'Fish-Free', 'Shellfish-Free', 'Pork-Free', 'Red-Meat-Free', 'Crustacean-Free', 'Celery-Free', 'Mustard-Free', 'Sesame-Free', 'Lupine-Free', 'Mollusk-Free', 'Alcohol-Free', 'Sulfite-Free', 'Kosher']",['snack'],2150.2799999999997,79.13025,55.573499999999996,311.96399999999994,29.0295
http://www.edamam.com/ontologies/edamam.owl#recipe_7a17e0e0d25099c448d2381a719a80df,Chinese Five Spice Powder,"['Balanced', 'Low-Sodium']","['Sugar-Conscious', 'Low Potassium', 'Kidney-Friendly', 'Keto-Friendly', 'Vegan', 'Vegetarian', 'Pescatarian', 'Paleo', 'Mediterranean', 'DASH', 'Dairy-Free', 'Gluten-Free', 'Wheat-Free', 'Egg-Free', 'Peanut-Free', 'Tree-Nut-Free', 'Soy-Free', 'Fish-Free', 'Shellfish-Free', 'Pork-Free', 'Red-Meat-Free', 'Crustacean-Free', 'Celery-Free', 'Mustard-Free', 'Sesame-Free', 'Lupine-Free', 'Mollusk-Free', 'Alcohol-Free', 'No oil added', 'Sulfite-Free', 'FODMAP-Free', 'Kosher']",['lunch/dinner'],74.211,2.83864,2.61852,15.5914,7.854100000000001
http://www.edamam.com/ontologies/edamam.owl#recipe_a883e3c25e0d7f593a99d5bc3353d354,Fiadone,"['Balanced', 'Low-Sodium']","['Low Potassium', 'Kidney-Friendly', 'Vegetarian', 'Pescatarian', 'Gluten-Free', 'Wheat-Free', 'Peanut-Free', 'Tree-Nut-Free', 'Soy-Free', 'Fish-Free', 'Shellfish-Free', 'Pork-Free', 'Red-Meat-Free', 'Crustacean-Free', 'Celery-Free', 'Mustard-Free', 'Sesame-Free', 'Lupine-Free', 'Mollusk-Free', 'Alcohol-Free', 'No oil added', 'Kosher']",['lunch/dinner'],998.3099999994847,37.81989999999993,35.897999999999655,134.0911999998765,2.4239999999987827
http://www.edamam.com/ontologies/edamam.owl#recipe_20022d91be0968092a8eab1aceee81be,Pasta alla Gricia Recipe,['Balanced'],"['Sugar-Conscious', 'Low Potassium', 'Kidney-Friendly', 'Egg-Free', 'Peanut-Free', 'Tree-Nut-Free', 'Soy-Free', 'Fish-Free', 'Shellfish-Free', 'Crustacean-Free', 'Celery-Free', 'Mustard-Free', 'Sesame-Free', 'Lupine-Free', 'Mollusk-Free', 'Alcohol-Free', 'No oil added', 'Sulfite-Free']",['lunch/dinner'],679.535768466108,24.55673908558121,26.83090943113004,85.27330566973988,3.6287389600000006
http://www.edamam.com/ontologies/edamam.owl#recipe_74d1341ed563642ee4e2b98a35e64617,Vibrant Tasty Green Bean recipes,['Balanced'],"['Kidney-Friendly', 'Vegan', 'Vegetarian', 'Pescatarian', 'Paleo', 'Mediterranean', 'DASH', 'Dairy-Free', 'Gluten-Free', 'Wheat-Free', 'Egg-Free', 'Peanut-Free', 'Tree-Nut-Free', 'Soy-Free', 'Fish-Free', 'Shellfish-Free', 'Pork-Free', 'Red-Meat-Free', 'Crustacean-Free', 'Celery-Free', 'Mustard-Free', 'Sesame-Free', 'Lupine-Free', 'Mollusk-Free', 'Alcohol-Free', 'Sulfite-Free', 'Kosher', 'Immuno-Supportive']",['lunch/dinner'],407.95181804315996,11.358242917833334,11.668201944916667,74.47180114175,15.6555454925
http://www.edamam.com/ontologies/edamam.owl#recipe_88c93d34a2f0c4a9ebf55c8d7c985458,Boozy Baked French Toast,['Balanced'],"['Vegetarian', 'Pescatarian', 'Peanut-Free', 'Tree-Nut-Free', 'Soy-Free', 'Fish-Free', 'Shellfish-Free', 'Pork-Free', 'Red-Meat-Free', 'Crustacean-Free', 'Celery-Free', 'Mustard-Free', 'Sesame-Free', 'Lupine-Free', 'Mollusk-Free', 'Alcohol-Free', 'Kosher']",['breakfast'],2153.714999997547,64.8579,84.912,303.0047999993661,11.04
http://www.edamam.com/ontologies/edamam.owl#recipe_bb07bc767353dc925d7e1b9d1c75bceb,Poached Egg On Potato Hash,"['Balanced', 'High-Fiber']","['Sugar-Conscious', 'Vegetarian', 'Pescatarian', 'Mediterranean', 'Dairy-Free', 'Gluten-Free', 'Wheat-Free', 'Peanut-Free', 'Tree-Nut-Free', 'Soy-Free', 'Fish-Free', 'Shellfish-Free', 'Pork-Free', 'Red-Meat-Free', 'Crustacean-Free', 'Celery-Free', 'Mustard-Free', 'Sesame-Free', 'Lupine-Free', 'Mollusk-Free', 'Alcohol-Free', 'Sulfite-Free', 'Kosher', 'Immuno-Supportive']",['lunch/dinner'],565.1895936739247,23.63547484973263,20.801482688713477,70.22549856222044,10.756579827327547
http://www.edamam.com/ontologies/edamam.owl#recipe_6ed0a76e97ca55c596745bb9889fde70,Parsley Pasta,['Balanced'],"['Sugar-Conscious', 'Vegetarian', 'Pescatarian', 'Mediterranean', 'Peanut-Free', 'Tree-Nut-Free', 'Soy-Free', 'Fish-Free', 'Shellfish-Free', 'Pork-Free', 'Red-Meat-Free', 'Crustacean-Free', 'Celery-Free', 'Mustard-Free', 'Sesame-Free', 'Lupine-Free', 'Mollusk-Free', 'Alcohol-Free', 'Sulfite-Free', 'Kosher', 'Immuno-Supportive']",['lunch/dinner'],1829.8185601836553,90.89650352297011,60.08136936216043,189.8607648193468,8.806496032120782
http://www.edamam.com/ontologies/edamam.owl#recipe_a71acb97dd6dece71b798fe517657bdb,Easy Roasted Cabbage Recipe,['Balanced'],"['Sugar-Conscious', 'Kidney-Friendly', 'Keto-Friendly', 'Vegan', 'Vegetarian', 'Pescatarian', 'Paleo', 'Mediterranean', 'DASH', 'Dairy-Free', 'Gluten-Free', 'Wheat-Free', 'Egg-Free', 'Peanut-Free', 'Tree-Nut-Free', 'Soy-Free', 'Fish-Free', 'Shellfish-Free', 'Pork-Free', 'Red-Meat-Free', 'Crustacean-Free', 'Celery-Free', 'Mustard-Free', 'Sesame-Free', 'Lupine-Free', 'Mollusk-Free', 'Alcohol-Free', 'Sulfite-Free', 'FODMAP-Free', 'Kosher', 'Immuno-Supportive']",['lunch/dinner'],343.000632,13.345602399999999,11.905696,54.407360000000004,23.389172
http://www.edamam.com/ontologies/edamam.owl#recipe_51b79ae0958c33a38c0eabad15460917,Roasted Strawberry Milkshake recipes,"['High-Fiber', 'Low-Fat', 'Low-Sodium']","['Vegan', 'Vegetarian', 'Pescatarian', 'Dairy-Free', 'Gluten-Free', 'Wheat-Free', 'Egg-Free', 'Peanut-Free', 'Tree-Nut-Free', 'Soy-Free', 'Fish-Free', 'Shellfish-Free', 'Pork-Free', 'Red-Meat-Free', 'Crustacean-Free', 'Celery-Free', 'Mustard-Free', 'Sesame-Free', 'Lupine-Free', 'Mollusk-Free', 'Alcohol-Free', 'No oil added', 'FODMAP-Free', 'Kosher']",['lunch/dinner'],629.27,3.651,8.1502,152.3521333333333,24.32
http://www.edamam.com/ontologies/edamam.owl#recipe_755f45da76fea193dbe6b5c5bf253f47,Yuzu Kosho,"['High-Fiber', 'Low-Fat']","['Vegan', 'Vegetarian', 'Pescatarian', 'Paleo', 'Mediterranean', 'DASH', 'Dairy-Free', 'Gluten-Free', 'Wheat-Free', 'Egg-Free', 'Peanut-Free', 'Tree-Nut-Free', 'Soy-Free', 'Fish-Free', 'Shellfish-Free', 'Pork-Free', 'Red-Meat-Free', 'Crustacean-Free', 'Celery-Free', 'Mustard-Free', 'Sesame-Free', 'Lupine-Free', 'Mollusk-Free', 'Alcohol-Free', 'No oil added', 'Sulfite-Free', 'Kosher', 'Immuno-Supportive']",['lunch/dinner'],182.16,1.908,7.227,54.9018,15.461999999999998
http://www.edamam.com/ontologies/edamam.owl#recipe_06c4513b88ef3da5775c37bef2fd6c0f,Candied Ginger,"['High-Fiber', 'Low-Fat', 'Low-Sodium']","['Vegan', 'Vegetarian', 'Pescatarian', 'Dairy-Free', 'Gluten-Free', 'Wheat-Free', 'Egg-Free', 'Peanut-Free', 'Tree-Nut-Free', 'Soy-Free', 'Fish-Free', 'Shellfish-Free', 'Pork-Free', 'Red-Meat-Free', 'Crustacean-Free', 'Celery-Free', 'Mustard-Free', 'Sesame-Free', 'Lupine-Free', 'Mollusk-Free', 'Alcohol-Free', 'No oil added', 'FODMAP-Free', 'Kosher', 'Immuno-Supportive']",['snack'],1002.8738960000001,9.401942775,22.815381134000003,223.13944186000003,25.071847400000003
http://www.edamam.com/ontologies/edamam.owl#recipe_29c69a7229c6b0cd8f803e4152388050,POMEGRANATE SORBET recipes,"['High-Fiber', 'Low-Fat', 'Low-Sodium']","['Vegan', 'Vegetarian', 'Pescatarian', 'Dairy-Free', 'Gluten-Free', 'Wheat-Free', 'Egg-Free', 'Peanut-Free', 'Soy-Free', 'Fish-Free', 'Shellfish-Free', 'Pork-Free', 'Red-Meat-Free', 'Crustacean-Free', 'Celery-Free', 'Mustard-Free', 'Sesame-Free', 'Lupine-Free', 'Mollusk-Free', 'Alcohol-Free', 'No oil added', 'Kosher']",['lunch/dinner'],1805.1874999998583,10.270499999998453,14.662437499997745,442.0806249999556,34.914374999998074
http://www.edamam.com/ontologies/edamam.owl#recipe_63bb37db0a9b5a07de8eca554d8b7358,Braised Quinces,"['High-Fiber', 'Low-Fat', 'Low-Sodium']","['Vegan', 'Vegetarian', 'Pescatarian', 'Dairy-Free', 'Gluten-Free', 'Wheat-Free', 'Egg-Free', 'Peanut-Free', 'Tree-Nut-Free', 'Soy-Free', 'Fish-Free', 'Shellfish-Free', 'Pork-Free', 'Red-Meat-Free', 'Crustacean-Free', 'Celery-Free', 'Mustard-Free', 'Sesame-Free', 'Lupine-Free', 'Mollusk-Free', 'Alcohol-Free', 'No oil added', 'FODMAP-Free', 'Kosher']",['breakfast'],1984.7200000000003,1.11,4.446000000000001,519.2320000000001,21.188
http://www.edamam.com/ontologies/edamam.owl#recipe_7b86f008487dddb703520cbd2c9e83e5,Apple Jellies,"['High-Fiber', 'Low-Fat', 'Low-Sodium']","['Vegan', 'Vegetarian', 'Pescatarian', 'Dairy-Free', 'Gluten-Free', 'Wheat-Free', 'Egg-Free', 'Peanut-Free', 'Tree-Nut-Free', 'Soy-Free', 'Fish-Free', 'Shellfish-Free', 'Pork-Free', 'Red-Meat-Free', 'Crustacean-Free', 'Celery-Free', 'Mustard-Free', 'Sesame-Free', 'Lupine-Free', 'Mollusk-Free', 'Alcohol-Free', 'No oil added', 'Kosher']",['lunch/dinner'],1892.9640971999997,2.565321087,4.462020486,495.61604118,35.010650639999994
http://www.edamam.com/ontologies/edamam.owl#recipe_99224dca179579732ba3e301c7c2dc25,Peach Butter,"['High-Fiber', 'Low-Fat', 'Low-Sodium']","['Vegan', 'Vegetarian', 'Pescatarian', 'Dairy-Free', 'Gluten-Free', 'Wheat-Free', 'Egg-Free', 'Peanut-Free', 'Tree-Nut-Free', 'Soy-Free', 'Fish-Free', 'Shellfish-Free', 'Pork-Free', 'Red-Meat-Free', 'Crustacean-Free', 'Celery-Free', 'Mustard-Free', 'Sesame-Free', 'Lupine-Free', 'Mollusk-Free', 'Alcohol-Free', 'No oil added', 'Kosher']",['breakfast'],2279.9640972,4.7879237,17.434762268000004,580.919648392,29.567542200000002
http://www.edamam.com/ontologies/edamam.owl#recipe_1b0095b7bff243e8a5176a0e5d5043e6,Fresh Lemon Syrup Recipe,"['High-Fiber', 'Low-Fat', 'Low-Sodium']","['Kidney-Friendly', 'Vegan', 'Vegetarian', 'Pescatarian', 'Dairy-Free', 'Gluten-Free', 'Wheat-Free', 'Egg-Free', 'Peanut-Free', 'Tree-Nut-Free', 'Soy-Free', 'Fish-Free', 'Shellfish-Free', 'Pork-Free', 'Red-Meat-Free', 'Crustacean-Free', 'Celery-Free', 'Mustard-Free', 'Sesame-Free', 'Lupine-Free', 'Mollusk-Free', 'Alcohol-Free', 'No oil added', 'FODMAP-Free', 'Kosher']",['lunch/dinner'],967.8527194875,1.2757285406249999,6.378642703124999,266.48551737500003,45.07574176875
http://www.edamam.com/ontologies/edamam.owl#recipe_576a832404546af1fd9506e6bd2f7bd7,Poached Pears,"['High-Fiber', 'Low-Fat', 'Low-Sodium']","['Kidney-Friendly', 'Vegan', 'Vegetarian', 'Pescatarian', 'Dairy-Free', 'Gluten-Free', 'Wheat-Free', 'Egg-Free', 'Peanut-Free', 'Tree-Nut-Free', 'Soy-Free', 'Fish-Free', 'Shellfish-Free', 'Pork-Free', 'Red-Meat-Free', 'Crustacean-Free', 'Celery-Free', 'Mustard-Free', 'Sesame-Free', 'Lupine-Free', 'Mollusk-Free', 'Alcohol-Free', 'No oil added', 'Kosher']",['lunch/dinner'],1537.1093333333333,0.9524400000000001,2.8431300000000004,387.91976666666665,24.114833333333337
http://www.edamam.com/ontologies/edamam.owl#recipe_e6e3864e56de36a2ccf93251cf98feee,Strawberry Sorbet,"['High-Fiber', 'Low-Fat', 'Low-Sodium']","['Vegan', 'Vegetarian', 'Pescatarian', 'Dairy-Free', 'Gluten-Free', 'Wheat-Free', 'Egg-Free', 'Peanut-Free', 'Tree-Nut-Free', 'Soy-Free', 'Fish-Free', 'Shellfish-Free', 'Pork-Free', 'Red-Meat-Free', 'Crustacean-Free', 'Celery-Free', 'Mustard-Free', 'Sesame-Free', 'Lupine-Free', 'Mollusk-Free', 'Alcohol-Free', 'No oil added', 'FODMAP-Free', 'Kosher']",['lunch/dinner'],1899.1991168,3.3515542200000006,8.388137758000003,489.243788032,24.0236948
http://www.edamam.com/ontologies/edamam.owl#recipe_e92e72709183ac1fd271320c8644b222,Raspberry Coulis,"['High-Fiber', 'Low-Fat', 'Low-Sodium']","['Vegan', 'Vegetarian', 'Pescatarian', 'Dairy-Free', 'Gluten-Free', 'Wheat-Free', 'Egg-Free', 'Peanut-Free', 'Tree-Nut-Free', 'Soy-Free', 'Fish-Free', 'Shellfish-Free', 'Pork-Free', 'Red-Meat-Free', 'Crustacean-Free', 'Celery-Free', 'Mustard-Free', 'Sesame-Free', 'Lupine-Free', 'Mollusk-Free', 'Alcohol-Free', 'No oil added', 'FODMAP-Free', 'Kosher']",['lunch/dinner'],252.47999999749013,1.3365999999993814,2.4533749999990975,62.35224999934832,13.045749999999227
http://www.edamam.com/ontologies/edamam.owl#recipe_20454c2a4cd27f1c32cc90b9e2feb5f0,Apple Pate De Fruit,"['High-Fiber', 'Low-Fat', 'Low-Sodium']","['Kidney-Friendly', 'Vegan', 'Vegetarian', 'Pescatarian', 'Dairy-Free', 'Gluten-Free', 'Wheat-Free', 'Egg-Free', 'Peanut-Free', 'Tree-Nut-Free', 'Soy-Free', 'Fish-Free', 'Shellfish-Free', 'Pork-Free', 'Red-Meat-Free', 'Crustacean-Free', 'Celery-Free', 'Mustard-Free', 'Sesame-Free', 'Lupine-Free', 'Mollusk-Free', 'Alcohol-Free', 'No oil added', 'Kosher']",['breakfast'],1810.75448748,2.2155489783000006,3.6739384374000004,473.157781062,30.639345576
http://www.edamam.com/ontologies/edamam.owl#recipe_ba19c416169bc2c93da9a9d096c00841,"Grapefruit, Lime And Ginger Juice","['High-Fiber', 'Low-Fat', 'Low-Sodium']","['Vegan', 'Vegetarian', 'Pescatarian', 'Dairy-Free', 'Gluten-Free', 'Wheat-Free', 'Egg-Free', 'Peanut-Free', 'Tree-Nut-Free', 'Soy-Free', 'Fish-Free', 'Shellfish-Free', 'Pork-Free', 'Red-Meat-Free', 'Crustacean-Free', 'Celery-Free', 'Mustard-Free', 'Sesame-Free', 'Lupine-Free', 'Mollusk-Free', 'Alcohol-Free', 'No oil added', 'Kosher']",['teatime'],401.5649999973845,1.0467999999984785,4.944799999996308,106.34999999932998,11.863999999995944
http://www.edamam.com/ontologies/edamam.owl#recipe_464c3968808860e95128c6f15bb5ad8f,Imperial Royale Recipe,"['High-Fiber', 'Low-Fat', 'Low-Sodium']","['Vegan', 'Vegetarian', 'Pescatarian', 'Mediterranean', 'Dairy-Free', 'Egg-Free', 'Peanut-Free', 'Tree-Nut-Free', 'Soy-Free', 'Fish-Free', 'Shellfish-Free', 'Pork-Free', 'Red-Meat-Free', 'Crustacean-Free', 'Celery-Free', 'Mustard-Free', 'Sesame-Free', 'Lupine-Free', 'Mollusk-Free', 'No oil added', 'Kosher', 'Alcohol-Cocktail']",['lunch/dinner'],292.56707865000004,0.85048569375,2.43805898875,62.255552782500004,9.52543977
http://www.edamam.com/ontologies/edamam.owl#recipe_86598c62185f733704f736c99df25fdf,Peach Leaf Wine,"['High-Fiber', 'Low-Fat', 'Low-Sodium']","['Vegan', 'Vegetarian', 'Pescatarian', 'Dairy-Free', 'Gluten-Free', 'Wheat-Free', 'Egg-Free', 'Peanut-Free', 'Tree-Nut-Free', 'Soy-Free', 'Fish-Free', 'Shellfish-Free', 'Pork-Free', 'Red-Meat-Free', 'Crustacean-Free', 'Celery-Free', 'Mustard-Free', 'Sesame-Free', 'Lupine-Free', 'Mollusk-Free', 'No oil added', 'Kosher']",['lunch/dinner'],3458.804320481382,15.31666666666667,56.27458610706963,691.4441391335451,91.90000000000002
http://www.edamam.com/ontologies/edamam.owl#recipe_4bb99424e1bbc40d3cd1d891883d6745,Frothy Iced Matcha Green Tea Recipe,"['High-Protein', 'Low-Fat', 'Low-Sodium']","['Sugar-Conscious', 'Low Sugar', 'Low Potassium', 'Kidney-Friendly', 'Keto-Friendly', 'Vegan', 'Vegetarian', 'Pescatarian', 'Dairy-Free', 'Gluten-Free', 'Wheat-Free', 'Egg-Free', 'Peanut-Free', 'Tree-Nut-Free', 'Soy-Free', 'Fish-Free', 'Shellfish-Free', 'Pork-Free', 'Red-Meat-Free', 'Crustacean-Free', 'Celery-Free', 'Mustard-Free', 'Sesame-Free', 'Lupine-Free', 'Mollusk-Free', 'Alcohol-Free', 'No oil added', 'Kosher']",['lunch/dinner'],0.06,0.0,0.010799999999999999,0.0,0.0
http://www.edamam.com/ontologies/edamam.owl#recipe_cc8ea788e5ef3e3a7a199d05955a6eda,Chili Oil And Blood Orange Grilled Shrimp,"['High-Protein', 'Low-Carb']","['Keto-Friendly', 'Pescatarian', 'Dairy-Free', 'Gluten-Free', 'Wheat-Free', 'Egg-Free', 'Peanut-Free', 'Tree-Nut-Free', 'Soy-Free', 'Pork-Free', 'Red-Meat-Free', 'Celery-Free', 'Mustard-Free', 'Sesame-Free', 'Lupine-Free', 'Mollusk-Free', 'Alcohol-Free', 'FODMAP-Free']",['lunch/dinner'],603.1895447089,16.529063420786002,92.59022718944001,23.790405790400005,3.59833160883
http://www.edamam.com/ontologies/edamam.owl#recipe_5df68f77db4edd5aef121e4564ad4d8d,Sous Vide Chicken Teriyaki,"['High-Protein', 'Low-Fat']","['Dairy-Free', 'Egg-Free', 'Peanut-Free', 'Tree-Nut-Free', 'Fish-Free', 'Shellfish-Free', 'Pork-Free', 'Red-Meat-Free', 'Crustacean-Free', 'Celery-Free', 'Mustard-Free', 'Sesame-Free', 'Lupine-Free', 'Mollusk-Free', 'No oil added', 'Kosher']",['lunch/dinner'],496.15799999770536,7.316300000000002,63.96849999999754,32.4105999995528,0.276
http://www.edamam.com/ontologies/edamam.owl#recipe_f7fc8bcbbb3eec232b198783ab381b2c,Grilled Shrimp Cocktail,"['High-Protein', 'Low-Fat', 'Low-Carb']","['Pescatarian', 'Mediterranean', 'DASH', 'Dairy-Free', 'Gluten-Free', 'Wheat-Free', 'Egg-Free', 'Peanut-Free', 'Tree-Nut-Free', 'Soy-Free', 'Pork-Free', 'Red-Meat-Free', 'Celery-Free', 'Mustard-Free', 'Sesame-Free', 'Lupine-Free', 'Mollusk-Free', 'Alcohol-Free', 'No oil added', 'Sulfite-Free']",['lunch/dinner'],1421.4326685003539,7.767035344356871,276.8453741100134,71.07974583338229,2.886608333362515
http://www.edamam.com/ontologies/edamam.owl#recipe_01183444c69724a1633fc7e1ea713698,Self-made Hojicha (Roasted Green Tea),"['High-Protein', 'Low-Fat', 'Low-Sodium']","['Sugar-Conscious', 'Low Sugar', 'Low Potassium', 'Kidney-Friendly', 'Keto-Friendly', 'Vegan', 'Vegetarian', 'Pescatarian', 'Dairy-Free', 'Gluten-Free', 'Wheat-Free', 'Egg-Free', 'Peanut-Free', 'Tree-Nut-Free', 'Soy-Free', 'Fish-Free', 'Shellfish-Free', 'Pork-Free', 'Red-Meat-Free', 'Crustacean-Free', 'Celery-Free', 'Mustard-Free', 'Sesame-Free', 'Lupine-Free', 'Mollusk-Free', 'Alcohol-Free', 'No oil added', 'Sulfite-Free', 'Kosher']",['lunch/dinner'],0.24666666667917786,0.0,0.04440000000225202,0.0,0.0
http://www.edamam.com/ontologies/edamam.owl#recipe_6f117fdb48ed251ba44f2b5782f25068,"Quick, Concentrated Shrimp Stock","['High-Protein', 'Low-Fat', 'Low-Carb', 'Low-Sodium']","['Sugar-Conscious', 'Low Potassium', 'Kidney-Friendly', 'Keto-Friendly', 'Pescatarian', 'Mediterranean', 'DASH', 'Dairy-Free', 'Gluten-Free', 'Wheat-Free', 'Egg-Free', 'Peanut-Free', 'Tree-Nut-Free', 'Soy-Free', 'Pork-Free', 'Red-Meat-Free', 'Celery-Free', 'Mustard-Free', 'Sesame-Free', 'Lupine-Free', 'Mollusk-Free', 'Alcohol-Free', 'No oil added', 'Sulfite-Free']",['lunch/dinner'],15.600940580000001,0.09313284348000002,3.6545146548000007,0.03972,0.0025199999999999997
http://www.edamam.com/ontologies/edamam.owl#recipe_8c82ea1621c65848dc331c4197b5df62,"Fruit Juice ""Gummies""","['High-Protein', 'Low-Fat', 'Low-Sodium']","['Low Potassium', 'Kidney-Friendly', 'Keto-Friendly', 'Dairy-Free', 'Gluten-Free', 'Wheat-Free', 'Egg-Free', 'Peanut-Free', 'Tree-Nut-Free', 'Soy-Free', 'Fish-Free', 'Shellfish-Free', 'Red-Meat-Free', 'Crustacean-Free', 'Celery-Free', 'Mustard-Free', 'Sesame-Free', 'Lupine-Free', 'Mollusk-Free', 'Alcohol-Free', 'No oil added']",['lunch/dinner'],217.1616280859375,0.43391690390625004,30.498069743749998,26.721600000000006,0.0
http://www.edamam.com/ontologies/edamam.owl#recipe_92f5af46a5adafda4b26ff16f4fb7c89,Stovetop Crab Innards,"['High-Protein', 'Low-Fat']","['Sugar-Conscious', 'Low Sugar', 'Keto-Friendly', 'Pescatarian', 'Dairy-Free', 'Gluten-Free', 'Wheat-Free', 'Egg-Free', 'Peanut-Free', 'Tree-Nut-Free', 'Soy-Free', 'Fish-Free', 'Pork-Free', 'Red-Meat-Free', 'Celery-Free', 'Mustard-Free', 'Sesame-Free', 'Lupine-Free', 'Mollusk-Free', 'No oil added', 'Sulfite-Free']",['lunch/dinner'],179.17399999934074,1.5811000000000002,28.50749999999754,2.661199999975401,0.0
http://www.edamam.com/ontologies/edamam.owl#recipe_5cfd32ab67396a6249f599b2f53e6b57,Ikura (Salmon Caviar),"['High-Protein', 'Low-Carb']","['Dairy-Free', 'Egg-Free', 'Peanut-Free', 'Tree-Nut-Free', 'Shellfish-Free', 'Pork-Free', 'Red-Meat-Free', 'Crustacean-Free', 'Celery-Free', 'Mustard-Free', 'Sesame-Free', 'Lupine-Free', 'Mollusk-Free', 'No oil added']",['lunch/dinner'],789.9719999988527,32.16015,111.81824999999877,21.6150999997764,0.256
http://www.edamam.com/ontologies/edamam.owl#recipe_70ebf8413bb828befd5a0cf8230c1f3b,Half and Half,"['High-Protein', 'Low-Fat', 'Low-Sodium']","['Sugar-Conscious', 'Low Sugar', 'Keto-Friendly', 'Pescatarian', 'Mediterranean', 'Dairy-Free', 'Egg-Free', 'Peanut-Free', 'Tree-Nut-Free', 'Soy-Free', 'Shellfish-Free', 'Pork-Free', 'Red-Meat-Free', 'Crustacean-Free', 'Celery-Free', 'Mustard-Free', 'Sesame-Free', 'Lupine-Free', 'Mollusk-Free', 'No oil added', 'Kosher']",['lunch/dinner'],317.51465900000005,5.284351110500001,41.186187196,8.0512645675,0.0
http://www.edamam.com/ontologies/edamam.owl#recipe_a6518bef184739415725675b566ceba4,Simple Savory Scallops,"['High-Protein', 'Low-Fat', 'Low-Sodium']","['Sugar-Conscious', 'Low Potassium', 'Kidney-Friendly', 'Keto-Friendly', 'Pescatarian', 'Paleo', 'Mediterranean', 'DASH', 'Dairy-Free', 'Gluten-Free', 'Wheat-Free', 'Egg-Free', 'Peanut-Free', 'Tree-Nut-Free', 'Soy-Free', 'Fish-Free', 'Pork-Free', 'Red-Meat-Free', 'Crustacean-Free', 'Celery-Free', 'Mustard-Free', 'Sesame-Free', 'Lupine-Free', 'Alcohol-Free', 'No oil added', 'Sulfite-Free', 'FODMAP-Free']",['lunch/dinner'],17.81283333314302,0.13630499999533197,3.0425816666607215,0.9152666666259996,0.020716666659661532
http://www.edamam.com/ontologies/edamam.owl#recipe_9b5945e03f05acbf9d69625138385408,Pressure-Cooker Octopus Recipe,"['High-Protein', 'Low-Fat', 'Low-Carb']","['Sugar-Conscious', 'Low Sugar', 'Keto-Friendly', 'Pescatarian', 'Paleo', 'Mediterranean', 'DASH', 'Dairy-Free', 'Gluten-Free', 'Wheat-Free', 'Egg-Free', 'Peanut-Free', 'Tree-Nut-Free', 'Soy-Free', 'Fish-Free', 'Pork-Free', 'Red-Meat-Free', 'Crustacean-Free', 'Celery-Free', 'Mustard-Free', 'Sesame-Free', 'Lupine-Free', 'Alcohol-Free', 'No oil added', 'Sulfite-Free', 'FODMAP-Free', 'Immuno-Supportive']",['lunch/dinner'],1114.3799999999999,14.1336,202.49099999999999,29.898000000000003,0.0
http://www.edamam.com/ontologies/edamam.owl#recipe_77719b1deefdfc752d3dd7cc828f255f,Tofu With Crab Sauce,"['High-Protein', 'Low-Carb']","['Sugar-Conscious', 'Keto-Friendly', 'Mediterranean', 'Dairy-Free', 'Egg-Free', 'Peanut-Free', 'Tree-Nut-Free', 'Fish-Free', 'Pork-Free', 'Red-Meat-Free', 'Celery-Free', 'Mustard-Free', 'Sesame-Free', 'Lupine-Free', 'Mollusk-Free', 'Alcohol-Free', 'No oil added']",['snack'],469.0698134947807,18.567450622666804,64.13877133054237,16.66256806045531,3.675789913752435
http://www.edamam.com/ontologies/edamam.owl#recipe_577f2bbfc7937d42bf4797672b184b20,Boiled or Steamed Lobsters,"['High-Protein', 'Low-Fat', 'Low-Carb']","['Sugar-Conscious', 'Low Sugar', 'Keto-Friendly', 'Pescatarian', 'Paleo', 'Mediterranean', 'DASH', 'Dairy-Free', 'Gluten-Free', 'Wheat-Free', 'Egg-Free', 'Peanut-Free', 'Tree-Nut-Free', 'Soy-Free', 'Fish-Free', 'Pork-Free', 'Red-Meat-Free', 'Celery-Free', 'Mustard-Free', 'Sesame-Free', 'Lupine-Free', 'Mollusk-Free', 'Alcohol-Free', 'No oil added', 'Sulfite-Free', 'FODMAP-Free']",['lunch/dinner'],2095.5967494,20.41165665,449.0564463,0.0,0.0
http://www.edamam.com/ontologies/edamam.owl#recipe_292f757c9d770e7f597365409bfc4d38,Bonito Crudo,"['High-Protein', 'Low-Fat', 'Low-Carb', 'Low-Sodium']","['Sugar-Conscious', 'Keto-Friendly', 'Pescatarian', 'Paleo', 'Mediterranean', 'Dairy-Free', 'Gluten-Free', 'Wheat-Free', 'Egg-Free', 'Peanut-Free', 'Tree-Nut-Free', 'Soy-Free', 'Shellfish-Free', 'Pork-Free', 'Red-Meat-Free', 'Crustacean-Free', 'Celery-Free', 'Mustard-Free', 'Sesame-Free', 'Lupine-Free', 'Mollusk-Free', 'Alcohol-Free', 'No oil added', 'Sulfite-Free', 'FODMAP-Free', 'Kosher']",['lunch/dinner'],495.539433300057,2.229852613000368,110.72148828000228,0.26462500001342204,0.11237500000569978
http://www.edamam.com/ontologies/edamam.owl#recipe_fe4af81200a431bf1a69740d874b443a,Anchovy Stock,"['High-Protein', 'Low-Carb', 'Low-Sodium']","['Sugar-Conscious', 'Low Sugar', 'Low Potassium', 'Kidney-Friendly', 'Keto-Friendly', 'Pescatarian', 'Paleo', 'Mediterranean', 'Dairy-Free', 'Gluten-Free', 'Wheat-Free', 'Egg-Free', 'Peanut-Free', 'Tree-Nut-Free', 'Soy-Free', 'Shellfish-Free', 'Pork-Free', 'Red-Meat-Free', 'Crustacean-Free', 'Celery-Free', 'Mustard-Free', 'Sesame-Free', 'Lupine-Free', 'Mollusk-Free', 'Alcohol-Free', 'Sulfite-Free', 'FODMAP-Free', 'Kosher', 'Immuno-Supportive']",['lunch/dinner'],0.84,0.038840000000000006,0.1156,0.0,0.0
http://www.edamam.com/ontologies/edamam.owl#recipe_c40642181e1b43c8fcacbd2c103f2b01,Tofu with Crab Sauce Recipe,"['High-Protein', 'Low-Carb']","['Sugar-Conscious', 'Keto-Friendly', 'Mediterranean', 'Dairy-Free', 'Egg-Free', 'Peanut-Free', 'Tree-Nut-Free', 'Fish-Free', 'Pork-Free', 'Red-Meat-Free', 'Celery-Free', 'Mustard-Free', 'Sesame-Free', 'Lupine-Free', 'Mollusk-Free', 'Alcohol-Free', 'No oil added']",['snack'],402.16450000103066,16.7724216666668,56.638876666667365,10.075978333580306,0.9092000000024346
http://www.edamam.com/ontologies/edamam.owl#recipe_606f454897a5059a9fe93565ab12ccf3,Peel-and-Eat Shrimp recipes,"['High-Protein', 'Low-Fat', 'Low-Carb', 'Low-Sodium']","['Sugar-Conscious', 'Keto-Friendly', 'Pescatarian', 'Gluten-Free', 'Wheat-Free', 'Egg-Free', 'Peanut-Free', 'Tree-Nut-Free', 'Soy-Free', 'Pork-Free', 'Red-Meat-Free', 'Celery-Free', 'Mustard-Free', 'Sesame-Free', 'Lupine-Free', 'Mollusk-Free', 'Alcohol-Free', 'Sulfite-Free', 'FODMAP-Free']",['lunch/dinner'],848.1332790034398,12.5232505077224,182.71222857333746,1.9736750000002876,0.339
http://www.edamam.com/ontologies/edamam.owl#recipe_28ef86ab2127d75fb50c5924c3cda1a1,Cryo-Shucked Clams Recipe,"['High-Protein', 'Low-Fat']","['Sugar-Conscious', 'Low Sugar', 'Low Potassium', 'Kidney-Friendly', 'Keto-Friendly', 'Pescatarian', 'Paleo', 'Mediterranean', 'Dairy-Free', 'Gluten-Free', 'Wheat-Free', 'Egg-Free', 'Peanut-Free', 'Tree-Nut-Free', 'Soy-Free', 'Fish-Free', 'Pork-Free', 'Red-Meat-Free', 'Crustacean-Free', 'Celery-Free', 'Mustard-Free', 'Sesame-Free', 'Lupine-Free', 'Alcohol-Free', 'No oil added', 'Sulfite-Free', 'FODMAP-Free']",['lunch/dinner'],623.5,6.959999999999999,106.575,25.882500000000004,0.0
http://www.edamam.com/ontologies/edamam.owl#recipe_757af405c1e76763d791e2d307b19313,Roast Snapper With Spring Vegetables,"['High-Protein', 'High-Fiber', 'Low-Fat']","['Pescatarian', 'Paleo', 'Mediterranean', 'DASH', 'Dairy-Free', 'Gluten-Free', 'Wheat-Free', 'Egg-Free', 'Peanut-Free', 'Tree-Nut-Free', 'Soy-Free', 'Shellfish-Free', 'Pork-Free', 'Red-Meat-Free', 'Crustacean-Free', 'Celery-Free', 'Mustard-Free', 'Sesame-Free', 'Lupine-Free', 'Mollusk-Free', 'Alcohol-Free', 'No oil added', 'Sulfite-Free', 'Kosher', 'Immuno-Supportive']",['lunch/dinner'],985.4472264125847,10.451664524376408,152.00123262000633,69.75495262714121,16.320356937513104
http://www.edamam.com/ontologies/edamam.owl#recipe_76f4179e12209ef8a56a249491b7f3b4,Salted And Honeyed Brown Butter Spread,"['Low-Carb', 'Low-Sodium']","['Low Potassium', 'Kidney-Friendly', 'Keto-Friendly', 'Vegetarian', 'Pescatarian', 'Gluten-Free', 'Wheat-Free', 'Egg-Free', 'Peanut-Free', 'Tree-Nut-Free', 'Soy-Free', 'Fish-Free', 'Shellfish-Free', 'Pork-Free', 'Red-Meat-Free', 'Crustacean-Free', 'Celery-Free', 'Mustard-Free', 'Sesame-Free', 'Lupine-Free', 'Mollusk-Free', 'Alcohol-Free', 'Kosher']",['breakfast'],905.97,91.643,1.055,26.0238,0.063
http://www.edamam.com/ontologies/edamam.owl#recipe_8c83cc131d1b4bbffe9f0512b6117e0c,Kale Chips,"['Low-Carb', 'Low-Sodium']","['Sugar-Conscious', 'Low Potassium', 'Kidney-Friendly', 'Keto-Friendly', 'Vegan', 'Vegetarian', 'Pescatarian', 'Paleo', 'Mediterranean', 'DASH', 'Dairy-Free', 'Gluten-Free', 'Wheat-Free', 'Egg-Free', 'Peanut-Free', 'Tree-Nut-Free', 'Soy-Free', 'Fish-Free', 'Shellfish-Free', 'Pork-Free', 'Red-Meat-Free', 'Crustacean-Free', 'Celery-Free', 'Mustard-Free', 'Sesame-Free', 'Lupine-Free', 'Mollusk-Free', 'Alcohol-Free', 'Sulfite-Free', 'FODMAP-Free', 'Kosher', 'Immuno-Supportive']",['snack'],178.84,16.033,4.9639999999999995,7.513999999999999,6.969999999999999
http://www.edamam.com/ontologies/edamam.owl#recipe_bd509c85857e35aa1ae9c9ab56558391,Ginger Scallion Sauce,"['Low-Carb', 'Low-Sodium']","['Sugar-Conscious', 'Low Potassium', 'Kidney-Friendly', 'Keto-Friendly', 'Vegan', 'Vegetarian', 'Pescatarian', 'Dairy-Free', 'Gluten-Free', 'Wheat-Free', 'Egg-Free', 'Tree-Nut-Free', 'Soy-Free', 'Fish-Free', 'Shellfish-Free', 'Pork-Free', 'Red-Meat-Free', 'Crustacean-Free', 'Celery-Free', 'Mustard-Free', 'Sesame-Free', 'Lupine-Free', 'Mollusk-Free', 'Alcohol-Free', 'Sulfite-Free', 'Kosher', 'Immuno-Supportive']",['snack'],2027.1192369999999,216.85464284687498,5.167722641750001,26.6808302325,7.009980925000001
http://www.edamam.com/ontologies/edamam.owl#recipe_5e0a0380fcefe4cd472edb02cadd4dd7,Pandan Wrapped Roast Pork,['Low-Carb'],"['Sugar-Conscious', 'Low Sugar', 'Keto-Friendly', 'Paleo', 'Dairy-Free', 'Gluten-Free', 'Wheat-Free', 'Egg-Free', 'Peanut-Free', 'Tree-Nut-Free', 'Soy-Free', 'Fish-Free', 'Shellfish-Free', 'Crustacean-Free', 'Celery-Free', 'Mustard-Free', 'Sesame-Free', 'Lupine-Free', 'Mollusk-Free', 'Alcohol-Free', 'No oil added', 'Sulfite-Free', 'FODMAP-Free']",['lunch/dinner'],3618.7435704000004,229.31279448000004,358.07002756,6.300000000000001,2.2092
http://www.edamam.com/ontologies/edamam.owl#recipe_19033696777e6f102b371169455b1078,Butterscotch Calypso Bean Soup recipes,"['Low-Carb', 'Low-Sodium']","['Sugar-Conscious', 'Low Potassium', 'Kidney-Friendly', 'Keto-Friendly', 'Vegan', 'Vegetarian', 'Pescatarian', 'Paleo', 'Mediterranean', 'DASH', 'Dairy-Free', 'Gluten-Free', 'Wheat-Free', 'Egg-Free', 'Peanut-Free', 'Tree-Nut-Free', 'Soy-Free', 'Fish-Free', 'Shellfish-Free', 'Pork-Free', 'Red-Meat-Free', 'Crustacean-Free', 'Celery-Free', 'Mustard-Free', 'Sesame-Free', 'Lupine-Free', 'Mollusk-Free', 'Alcohol-Free', 'Sulfite-Free', 'Kosher', 'Immuno-Supportive']",['lunch/dinner'],987.8320000000001,109.19890000000001,1.6011000000000002,6.569000000000001,3.2809
http://www.edamam.com/ontologies/edamam.owl#recipe_1d9cc3fa452a1a5c1920fa5dbfcab11d,Homemade Yogurt with Butter Toasted Walnuts and Honey recipes,"['Low-Carb', 'Low-Sodium']","['Vegetarian', 'Pescatarian', 'Gluten-Free', 'Wheat-Free', 'Egg-Free', 'Peanut-Free', 'Soy-Free', 'Fish-Free', 'Shellfish-Free', 'Pork-Free', 'Red-Meat-Free', 'Crustacean-Free', 'Celery-Free', 'Mustard-Free', 'Sesame-Free', 'Lupine-Free', 'Mollusk-Free', 'Alcohol-Free', 'Sulfite-Free', 'Kosher']",['lunch/dinner'],1491.3146250004738,121.97385625002524,49.63604375002695,64.01008250003619,8.04
http://www.edamam.com/ontologies/edamam.owl#recipe_c5e8f50f8455601e148e548f3a4af864,Caramel Banana Macarons,"['Low-Carb', 'Low-Sodium']","['Vegetarian', 'Pescatarian', 'Dairy-Free', 'Gluten-Free', 'Wheat-Free', 'Peanut-Free', 'Soy-Free', 'Fish-Free', 'Shellfish-Free', 'Pork-Free', 'Red-Meat-Free', 'Crustacean-Free', 'Celery-Free', 'Mustard-Free', 'Sesame-Free', 'Lupine-Free', 'Mollusk-Free', 'Alcohol-Free', 'No oil added', 'FODMAP-Free', 'Kosher']",['lunch/dinner'],1494.247079998345,112.13480000000001,64.49680000000001,73.17605599957234,23.184
http://www.edamam.com/ontologies/edamam.owl#recipe_93aa9a8397a9b52d535ccd9076715b8a,Baked Kale Chips recipes,"['Low-Carb', 'Low-Sodium']","['Sugar-Conscious', 'Low Potassium', 'Kidney-Friendly', 'Keto-Friendly', 'Vegan', 'Vegetarian', 'Pescatarian', 'Paleo', 'Mediterranean', 'DASH', 'Dairy-Free', 'Gluten-Free', 'Wheat-Free', 'Egg-Free', 'Peanut-Free', 'Tree-Nut-Free', 'Soy-Free', 'Fish-Free', 'Shellfish-Free', 'Pork-Free', 'Red-Meat-Free', 'Crustacean-Free', 'Celery-Free', 'Mustard-Free', 'Sesame-Free', 'Lupine-Free', 'Mollusk-Free', 'Alcohol-Free', 'Sulfite-Free', 'FODMAP-Free', 'Kosher', 'Immuno-Supportive']",['snack'],178.8739985625,16.034447367375,4.9668364515,7.5182935327500005,6.97398268875
http://www.edamam.com/ontologies/edamam.owl#recipe_3616f6435f604971cea5666fe9878ed8,Honey Roasted Peanut Butter recipes,"['High-Fiber', 'Low-Carb']","['Vegetarian', 'Pescatarian', 'Dairy-Free', 'Gluten-Free', 'Wheat-Free', 'Egg-Free', 'Tree-Nut-Free', 'Soy-Free', 'Fish-Free', 'Shellfish-Free', 'Pork-Free', 'Red-Meat-Free', 'Crustacean-Free', 'Celery-Free', 'Mustard-Free', 'Sesame-Free', 'Lupine-Free', 'Mollusk-Free', 'Alcohol-Free', 'Kosher']",['snack'],2474.521553425,221.87558453000003,87.833123595,72.07527867750001,28.958513587500004
http://www.edamam.com/ontologies/edamam.owl#recipe_37b6f298818e8827d6eb0880ec8ea627,Ham Stock,"['Low-Carb', 'Low-Sodium']","['Sugar-Conscious', 'Low Potassium', 'Kidney-Friendly', 'Keto-Friendly', 'Dairy-Free', 'Gluten-Free', 'Wheat-Free', 'Egg-Free', 'Peanut-Free', 'Tree-Nut-Free', 'Soy-Free', 'Fish-Free', 'Shellfish-Free', 'Crustacean-Free', 'Celery-Free', 'Mustard-Free', 'Sesame-Free', 'Lupine-Free', 'Mollusk-Free', 'Alcohol-Free', 'Sulfite-Free']",['lunch/dinner'],48.1704,2.83,3.67,1.42,0.18000000000000005
http://www.edamam.com/ontologies/edamam.owl#recipe_6d13e34b9f2b89b6a21d43bc6ef71851,Quick Coconut Ice Cream With Saffron,"['Low-Carb', 'Low-Sodium']","['Vegetarian', 'Pescatarian', 'Gluten-Free', 'Wheat-Free', 'Egg-Free', 'Peanut-Free', 'Tree-Nut-Free', 'Soy-Free', 'Fish-Free', 'Shellfish-Free', 'Pork-Free', 'Red-Meat-Free', 'Crustacean-Free', 'Celery-Free', 'Mustard-Free', 'Sesame-Free', 'Lupine-Free', 'Mollusk-Free', 'Alcohol-Free', 'No oil added', 'Kosher']",['lunch/dinner'],1235.1659851776967,109.08965097316806,9.510729260085478,67.14006590495643,0.013649999999999999
http://www.edamam.com/ontologies/edamam.owl#recipe_a7690e69481495f6a0975c2aed5d0213,Roasted Spanish Nuts,"['Low-Carb', 'Low-Sodium']","['Sugar-Conscious', 'Keto-Friendly', 'Vegan', 'Vegetarian', 'Pescatarian', 'Mediterranean', 'DASH', 'Dairy-Free', 'Gluten-Free', 'Wheat-Free', 'Egg-Free', 'Tree-Nut-Free', 'Soy-Free', 'Fish-Free', 'Shellfish-Free', 'Pork-Free', 'Red-Meat-Free', 'Crustacean-Free', 'Celery-Free', 'Mustard-Free', 'Sesame-Free', 'Lupine-Free', 'Mollusk-Free', 'Alcohol-Free', 'Sulfite-Free', 'FODMAP-Free', 'Kosher']",['snack'],3256.9799999999996,288.084,153.252,74.618,40.3
http://www.edamam.com/ontologies/edamam.owl#recipe_cffb3393de68b1b9278696a0da9b7d13,Broiled Stone Fruit with Sweet Cream recipes,"['Low-Carb', 'Low-Sodium']","['Low Potassium', 'Kidney-Friendly', 'Keto-Friendly', 'Vegetarian', 'Pescatarian', 'Gluten-Free', 'Wheat-Free', 'Peanut-Free', 'Tree-Nut-Free', 'Soy-Free', 'Fish-Free', 'Shellfish-Free', 'Pork-Free', 'Red-Meat-Free', 'Crustacean-Free', 'Celery-Free', 'Mustard-Free', 'Sesame-Free', 'Lupine-Free', 'Mollusk-Free', 'No oil added', 'Kosher']",['lunch/dinner'],1102.5053333333333,93.22933333333334,11.102599999999999,40.24310666666666,0.0
http://www.edamam.com/ontologies/edamam.owl#recipe_bfc26e2c56e7de75cdc668b31573077c,Cook the Book: Canned Tuna,"['High-Protein', 'Low-Fat', 'Low-Carb']","['Sugar-Conscious', 'Low Sugar', 'Keto-Friendly', 'Pescatarian', 'Paleo', 'Mediterranean', 'DASH', 'Dairy-Free', 'Gluten-Free', 'Wheat-Free', 'Egg-Free', 'Peanut-Free', 'Tree-Nut-Free', 'Soy-Free', 'Shellfish-Free', 'Pork-Free', 'Red-Meat-Free', 'Crustacean-Free', 'Celery-Free', 'Mustard-Free', 'Sesame-Free', 'Lupine-Free', 'Mollusk-Free', 'Alcohol-Free', 'Sulfite-Free', 'FODMAP-Free', 'Kosher']",['lunch/dinner'],1923.0700653680506,29.568155957496657,387.36788398,0.0,0.0
http://www.edamam.com/ontologies/edamam.owl#recipe_db742742099859a8053b992dd3c1f452,The Crispy Egg,"['Low-Carb', 'Low-Sodium']","['Sugar-Conscious', 'Low Potassium', 'Kidney-Friendly', 'Keto-Friendly', 'Vegetarian', 'Pescatarian', 'Paleo', 'Mediterranean', 'Dairy-Free', 'Gluten-Free', 'Wheat-Free', 'Peanut-Free', 'Tree-Nut-Free', 'Soy-Free', 'Fish-Free', 'Shellfish-Free', 'Pork-Free', 'Red-Meat-Free', 'Crustacean-Free', 'Celery-Free', 'Mustard-Free', 'Sesame-Free', 'Lupine-Free', 'Mollusk-Free', 'Alcohol-Free', 'Sulfite-Free', 'Kosher']",['lunch/dinner'],65.202,4.4380999999999995,5.44488,0.50288,0.0512
http://www.edamam.com/ontologies/edamam.owl#recipe_012a683f2d7d719e4eb012710b3075ad,Homemade Pistachio Cream Recipe,"['Low-Carb', 'Low-Sodium']","['Sugar-Conscious', 'Kidney-Friendly', 'Keto-Friendly', 'Vegetarian', 'Pescatarian', 'Mediterranean', 'Gluten-Free', 'Wheat-Free', 'Egg-Free', 'Peanut-Free', 'Soy-Free', 'Fish-Free', 'Shellfish-Free', 'Pork-Free', 'Red-Meat-Free', 'Crustacean-Free', 'Celery-Free', 'Mustard-Free', 'Sesame-Free', 'Lupine-Free', 'Mollusk-Free', 'Alcohol-Free', 'No oil added', 'Sulfite-Free', 'Kosher']",['snack'],1845.4605435,178.5291341775,34.507517481,43.11751748099999,13.038
http://www.edamam.com/ontologies/edamam.owl#recipe_494199967977036a47ea48ed700ade8c,Oven-Braised Beef with Tomatoes and Garlic recipes,['Low-Carb'],"['Sugar-Conscious', 'Keto-Friendly', 'Paleo', 'Dairy-Free', 'Gluten-Free', 'Wheat-Free', 'Egg-Free', 'Peanut-Free', 'Tree-Nut-Free', 'Soy-Free', 'Fish-Free', 'Shellfish-Free', 'Pork-Free', 'Crustacean-Free', 'Celery-Free', 'Mustard-Free', 'Sesame-Free', 'Lupine-Free', 'Mollusk-Free', 'Alcohol-Free', 'No oil added', 'Sulfite-Free', 'Kosher']",['lunch/dinner'],3213.2458023075005,225.12975723674998,260.2081164605,44.094396668250006,16.1319463025
http://www.edamam.com/ontologies/edamam.owl#recipe_15381e6952287eec55da428e90385192,Sauced: Tahini Paste,"['Low-Carb', 'Low-Sodium']","['Sugar-Conscious', 'Kidney-Friendly', 'Keto-Friendly', 'Vegan', 'Vegetarian', 'Pescatarian', 'Paleo', 'Mediterranean', 'DASH', 'Dairy-Free', 'Gluten-Free', 'Wheat-Free', 'Egg-Free', 'Peanut-Free', 'Tree-Nut-Free', 'Soy-Free', 'Fish-Free', 'Shellfish-Free', 'Pork-Free', 'Red-Meat-Free', 'Crustacean-Free', 'Celery-Free', 'Mustard-Free', 'Lupine-Free', 'Mollusk-Free', 'Alcohol-Free', 'Sulfite-Free', 'FODMAP-Free', 'Kosher', 'Immuno-Supportive']",['lunch/dinner'],2286.7200000000003,215.136,50.976,67.392,33.984
http://www.edamam.com/ontologies/edamam.owl#recipe_84b8126a7e5c3ceea9dcaee0f4d8df00,Strawberry Vodka,"['Low-Fat', 'Low-Sodium']","['Sugar-Conscious', 'Low Potassium', 'Kidney-Friendly', 'Keto-Friendly', 'Vegan', 'Vegetarian', 'Pescatarian', 'Paleo', 'Mediterranean', 'Dairy-Free', 'Gluten-Free', 'Wheat-Free', 'Egg-Free', 'Peanut-Free', 'Tree-Nut-Free', 'Soy-Free', 'Fish-Free', 'Shellfish-Free', 'Pork-Free', 'Red-Meat-Free', 'Crustacean-Free', 'Celery-Free', 'Mustard-Free', 'Sesame-Free', 'Lupine-Free', 'Mollusk-Free', 'No oil added', 'Sulfite-Free', 'Kosher', 'Alcohol-Cocktail']",['lunch/dinner'],1857.0816824002154,2.142,4.7838,54.8352,14.280000000000001
http://www.edamam.com/ontologies/edamam.owl#recipe_4082e36f0b72523c7e0eada4390d37f1,Grapefruit-Campari Sorbet,"['Low-Fat', 'Low-Sodium']","['Vegan', 'Vegetarian', 'Pescatarian', 'Dairy-Free', 'Gluten-Free', 'Wheat-Free', 'Egg-Free', 'Peanut-Free', 'Tree-Nut-Free', 'Soy-Free', 'Fish-Free', 'Shellfish-Free', 'Pork-Free', 'Red-Meat-Free', 'Crustacean-Free', 'Celery-Free', 'Mustard-Free', 'Sesame-Free', 'Lupine-Free', 'Mollusk-Free', 'No oil added', 'Kosher']",['lunch/dinner'],1016.1604602359425,0.7830059631895518,3.9150298159477592,222.03654861343875,0.0
http://www.edamam.com/ontologies/edamam.owl#recipe_23ae65b3c93f2b0f4b7cf100c3ab4061,Rhubarb Juice Recipe,"['Low-Fat', 'Low-Sodium']","['Sugar-Conscious', 'Low Potassium', 'Kidney-Friendly', 'Keto-Friendly', 'Vegan', 'Vegetarian', 'Pescatarian', 'Paleo', 'Mediterranean', 'Dairy-Free', 'Gluten-Free', 'Wheat-Free', 'Egg-Free', 'Peanut-Free', 'Tree-Nut-Free', 'Soy-Free', 'Fish-Free', 'Shellfish-Free', 'Pork-Free', 'Red-Meat-Free', 'Crustacean-Free', 'Celery-Free', 'Mustard-Free', 'Sesame-Free', 'Lupine-Free', 'Mollusk-Free', 'Alcohol-Free', 'No oil added', 'Sulfite-Free', 'FODMAP-Free', 'Kosher', 'Immuno-Supportive']",['lunch/dinner'],190.50879540000003,1.8143694800000003,8.164662660000001,41.186187196000006,16.329325320000002
http://www.edamam.com/ontologies/edamam.owl#recipe_26bd15da5af05266e804de66e7df4b0a,DIY Coconut Rum Recipe,"['Low-Fat', 'Low-Sodium']","['Sugar-Conscious', 'Low Potassium', 'Kidney-Friendly', 'Keto-Friendly', 'Vegan', 'Vegetarian', 'Pescatarian', 'Paleo', 'Mediterranean', 'Dairy-Free', 'Gluten-Free', 'Wheat-Free', 'Egg-Free', 'Peanut-Free', 'Tree-Nut-Free', 'Soy-Free', 'Fish-Free', 'Shellfish-Free', 'Pork-Free', 'Red-Meat-Free', 'Crustacean-Free', 'Celery-Free', 'Mustard-Free', 'Sesame-Free', 'Lupine-Free', 'Mollusk-Free', 'No oil added', 'Sulfite-Free', 'Kosher', 'Alcohol-Cocktail']",['lunch/dinner'],1452.8999999927119,15.075000000000001,1.4985000000000002,6.84,4.05
http://www.edamam.com/ontologies/edamam.owl#recipe_28d4406ba9b491d9f456ec18bff2cee1,Pomegranate Americano Recipe,"['Low-Fat', 'Low-Sodium']","['Low Potassium', 'Kidney-Friendly', 'Vegan', 'Vegetarian', 'Pescatarian', 'Mediterranean', 'Dairy-Free', 'Gluten-Free', 'Wheat-Free', 'Egg-Free', 'Peanut-Free', 'Tree-Nut-Free', 'Soy-Free', 'Fish-Free', 'Shellfish-Free', 'Pork-Free', 'Red-Meat-Free', 'Crustacean-Free', 'Celery-Free', 'Mustard-Free', 'Sesame-Free', 'Lupine-Free', 'Mollusk-Free', 'No oil added', 'Sulfite-Free', 'Kosher']",['lunch/dinner'],37.3549849725699,0.16442723412500002,0.08504856937500001,7.4275750587500005,0.05669904625000001
http://www.edamam.com/ontologies/edamam.owl#recipe_337f2c3780eccd9f01fe16c71b14ba84,Cold Brew Iced Coffee Recipe,"['Low-Fat', 'Low-Sodium']","['Sugar-Conscious', 'Low Sugar', 'Vegan', 'Vegetarian', 'Pescatarian', 'Mediterranean', 'Dairy-Free', 'Gluten-Free', 'Wheat-Free', 'Egg-Free', 'Peanut-Free', 'Tree-Nut-Free', 'Soy-Free', 'Fish-Free', 'Shellfish-Free', 'Pork-Free', 'Red-Meat-Free', 'Crustacean-Free', 'Celery-Free', 'Mustard-Free', 'Sesame-Free', 'Lupine-Free', 'Mollusk-Free', 'Alcohol-Free', 'No oil added', 'Sulfite-Free', 'Kosher']",['teatime'],254.15999998710873,0.3599999999817404,8.783999999554466,54.28799999724646,0.0
http://www.edamam.com/ontologies/edamam.owl#recipe_3a551652abf5a1cef1421660d1b657d9,Andy Ricker's Naam Cheuam Naam Taan Piip (Palm Sugar Simple Syrup),"['Low-Fat', 'Low-Sodium']","['Low Potassium', 'Kidney-Friendly', 'Vegan', 'Vegetarian', 'Pescatarian', 'Dairy-Free', 'Gluten-Free', 'Wheat-Free', 'Egg-Free', 'Peanut-Free', 'Tree-Nut-Free', 'Soy-Free', 'Fish-Free', 'Shellfish-Free', 'Pork-Free', 'Red-Meat-Free', 'Crustacean-Free', 'Celery-Free', 'Mustard-Free', 'Sesame-Free', 'Lupine-Free', 'Mollusk-Free', 'Alcohol-Free', 'No oil added', 'FODMAP-Free', 'Kosher']",['breakfast'],269.3204696875,0.0,0.085048569375,69.52720546406249,0.0
http://www.edamam.com/ontologies/edamam.owl#recipe_3a5b513c747685ef037f332813342c15,Tequila por mi Amante Recipe,"['Low-Fat', 'Low-Sodium']","['Low Potassium', 'Kidney-Friendly', 'Keto-Friendly', 'Vegan', 'Vegetarian', 'Pescatarian', 'Paleo', 'Mediterranean', 'Dairy-Free', 'Gluten-Free', 'Wheat-Free', 'Egg-Free', 'Peanut-Free', 'Tree-Nut-Free', 'Soy-Free', 'Fish-Free', 'Shellfish-Free', 'Pork-Free', 'Red-Meat-Free', 'Crustacean-Free', 'Celery-Free', 'Mustard-Free', 'Sesame-Free', 'Lupine-Free', 'Mollusk-Free', 'No oil added', 'Sulfite-Free', 'Kosher', 'Alcohol-Cocktail']",['lunch/dinner'],1042.7808412001077,2.142,4.7838,54.8352,14.280000000000001
http://www.edamam.com/ontologies/edamam.owl#recipe_3b83560ff56424c1f7685f6333e02525,Rice Vinegar From 'Bar Tartine',"['Low-Fat', 'Low-Sodium']","['Sugar-Conscious', 'Low Potassium', 'Kidney-Friendly', 'Keto-Friendly', 'Vegan', 'Vegetarian', 'Pescatarian', 'Paleo', 'Dairy-Free', 'Gluten-Free', 'Wheat-Free', 'Egg-Free', 'Peanut-Free', 'Tree-Nut-Free', 'Soy-Free', 'Fish-Free', 'Shellfish-Free', 'Pork-Free', 'Red-Meat-Free', 'Crustacean-Free', 'Celery-Free', 'Mustard-Free', 'Sesame-Free', 'Lupine-Free', 'Mollusk-Free', 'No oil added', 'Sulfite-Free', 'Kosher', 'Alcohol-Cocktail']",['lunch/dinner'],1271.1662411862394,0.0,4.723142690993431,47.24334690993431,0.0
http://www.edamam.com/ontologies/edamam.owl#recipe_542f9a75736f70df6ce58974ce90cbd4,Time for a Drink: The Stinger Recipe,"['Low-Fat', 'Low-Sodium']","['Low Potassium', 'Kidney-Friendly', 'Keto-Friendly', 'Vegan', 'Vegetarian', 'Pescatarian', 'Mediterranean', 'Dairy-Free', 'Wheat-Free', 'Egg-Free', 'Peanut-Free', 'Tree-Nut-Free', 'Soy-Free', 'Fish-Free', 'Shellfish-Free', 'Pork-Free', 'Red-Meat-Free', 'Crustacean-Free', 'Celery-Free', 'Mustard-Free', 'Sesame-Free', 'Lupine-Free', 'Mollusk-Free', 'No oil added', 'Sulfite-Free', 'Kosher', 'Alcohol-Cocktail']",['lunch/dinner'],183.563162234375,0.042524284687500004,0.0,5.896700810000001,0.0
http://www.edamam.com/ontologies/edamam.owl#recipe_5957242fd1284ce8370566d840349a7b,Habanero Tequila Recipe,"['Low-Fat', 'Low-Sodium']","['Sugar-Conscious', 'Kidney-Friendly', 'Keto-Friendly', 'Vegan', 'Vegetarian', 'Pescatarian', 'Paleo', 'Dairy-Free', 'Gluten-Free', 'Wheat-Free', 'Egg-Free', 'Peanut-Free', 'Tree-Nut-Free', 'Soy-Free', 'Fish-Free', 'Shellfish-Free', 'Pork-Free', 'Red-Meat-Free', 'Crustacean-Free', 'Celery-Free', 'Mustard-Free', 'Sesame-Free', 'Lupine-Free', 'Mollusk-Free', 'No oil added', 'Sulfite-Free', 'Kosher', 'Alcohol-Cocktail']",['lunch/dinner'],2241.2422432002872,0.5930733333333335,3.0002533333333337,16.187413333333335,5.930733333333333
http://www.edamam.com/ontologies/edamam.owl#recipe_61bc4ee11c6bfe35ad5bd8a3368fdb0b,Candy Apple Recipe,"['Low-Fat', 'Low-Sodium']","['Sugar-Conscious', 'Low Sugar', 'Low Potassium', 'Kidney-Friendly', 'Vegan', 'Vegetarian', 'Pescatarian', 'Mediterranean', 'Dairy-Free', 'Egg-Free', 'Peanut-Free', 'Tree-Nut-Free', 'Soy-Free', 'Fish-Free', 'Shellfish-Free', 'Pork-Free', 'Red-Meat-Free', 'Crustacean-Free', 'Celery-Free', 'Mustard-Free', 'Sesame-Free', 'Lupine-Free', 'Mollusk-Free', 'No oil added', 'Kosher', 'Alcohol-Cocktail']",['lunch/dinner'],146.28353932500002,0.0,1.5648936765,12.07689685125,0.0
http://www.edamam.com/ontologies/edamam.owl#recipe_671852c06e2327d0332bf3e5da9b5498,Ferrari Cocktail Recipe,"['Low-Fat', 'Low-Sodium']","['Sugar-Conscious', 'Low Sugar', 'Low Potassium', 'Kidney-Friendly', 'Keto-Friendly', 'Vegan', 'Vegetarian', 'Pescatarian', 'Paleo', 'Mediterranean', 'Dairy-Free', 'Gluten-Free', 'Wheat-Free', 'Egg-Free', 'Peanut-Free', 'Tree-Nut-Free', 'Soy-Free', 'Fish-Free', 'Shellfish-Free', 'Pork-Free', 'Red-Meat-Free', 'Crustacean-Free', 'Celery-Free', 'Mustard-Free', 'Sesame-Free', 'Lupine-Free', 'Mollusk-Free', 'No oil added', 'Sulfite-Free', 'Kosher', 'Alcohol-Cocktail']",['lunch/dinner'],196.46219525625,0.0,0.0,0.0,0.0
