label,dietLabels,healthLabels,mealType,ratings
Easy Mango-Blackberry Smoothie Recipe,"['Balanced', 'High-Fiber', 'Low-Sodium']","['Vegetarian', 'Pescatarian', 'Mediterranean', 'Gluten-Free', 'Wheat-Free', 'Egg-Free', 'Peanut-Free', 'Tree-Nut-Free', 'Soy-Free', 'Fish-Free', 'Shellfish-Free', 'Pork-Free', 'Red-Meat-Free', 'Crustacean-Free', 'Celery-Free', 'Mustard-Free', 'Sesame-Free', 'Lupine-Free', 'Mollusk-Free', 'Alcohol-Free', 'No oil added', 'Sulfite-Free', 'Kosher', 'Immuno-Supportive']",['breakfast'],12
Maple Banana Frozen Yogurt,"['Balanced', 'Low-Sodium']","['Vegetarian', 'Pescatarian', 'Mediterranean', 'Gluten-Free', 'Wheat-Free', 'Egg-Free', 'Peanut-Free', 'Tree-Nut-Free', 'Soy-Free', 'Fish-Free', 'Shellfish-Free', 'Pork-Free', 'Red-Meat-Free', 'Crustacean-Free', 'Celery-Free', 'Mustard-Free', 'Sesame-Free', 'Lupine-Free', 'Mollusk-Free', 'Alcohol-Free', 'No oil added', 'Sulfite-Free', 'Kosher']",['lunch/dinner'],7
Crispy Frizzled Artichokes recipes,"['Balanced', 'Low-Sodium']","['Sugar-Conscious', 'Low Potassium', 'Kidney-Friendly', 'Keto-Friendly', 'Vegan', 'Vegetarian', 'Pescatarian', 'Paleo', 'Mediterranean', 'DASH', 'Dairy-Free', 'Gluten-Free', 'Wheat-Free', 'Egg-Free', 'Peanut-Free', 'Tree-Nut-Free', 'Soy-Free', 'Fish-Free', 'Shellfish-Free', 'Pork-Free', 'Red-Meat-Free', 'Crustacean-Free', 'Celery-Free', 'Mustard-Free', 'Sesame-Free', 'Lupine-Free', 'Mollusk-Free', 'Alcohol-Free', 'Sulfite-Free', 'FODMAP-Free', 'Kosher', 'Immuno-Supportive']",['lunch/dinner'],7
Frothy Indian Coffee,"['Balanced', 'Low-Sodium']","['Kidney-Friendly', 'Vegetarian', 'Pescatarian', 'Gluten-Free', 'Wheat-Free', 'Egg-Free', 'Peanut-Free', 'Tree-Nut-Free', 'Soy-Free', 'Fish-Free', 'Shellfish-Free', 'Pork-Free', 'Red-Meat-Free', 'Crustacean-Free', 'Celery-Free', 'Mustard-Free', 'Sesame-Free', 'Lupine-Free', 'Mollusk-Free', 'Alcohol-Free', 'No oil added', 'Kosher']",['teatime'],7
Ultimate Chickpea Noodle Soup recipes,"['Balanced', 'High-Fiber']","['Vegan', 'Vegetarian', 'Pescatarian', 'Mediterranean', 'Dairy-Free', 'Egg-Free', 'Peanut-Free', 'Tree-Nut-Free', 'Soy-Free', 'Fish-Free', 'Shellfish-Free', 'Pork-Free', 'Red-Meat-Free', 'Crustacean-Free', 'Celery-Free', 'Mustard-Free', 'Sesame-Free', 'Lupine-Free', 'Mollusk-Free', 'Alcohol-Free', 'Sulfite-Free', 'Kosher']",['lunch/dinner'],11
Squid Ink Pasta With Stilton Blue And Fresh Figs,"['Balanced', 'High-Fiber']","['Vegetarian', 'Pescatarian', 'Mediterranean', 'Egg-Free', 'Peanut-Free', 'Tree-Nut-Free', 'Soy-Free', 'Fish-Free', 'Shellfish-Free', 'Pork-Free', 'Red-Meat-Free', 'Crustacean-Free', 'Celery-Free', 'Mustard-Free', 'Sesame-Free', 'Lupine-Free', 'Mollusk-Free', 'Alcohol-Free', 'Sulfite-Free', 'Kosher', 'Immuno-Supportive']",['lunch/dinner'],11
PÃ£o De Queijo (Brazilian Cheese Bread),"['Balanced', 'Low-Sodium']","['Sugar-Conscious', 'Low Potassium', 'Kidney-Friendly', 'Vegetarian', 'Pescatarian', 'Gluten-Free', 'Wheat-Free', 'Peanut-Free', 'Tree-Nut-Free', 'Soy-Free', 'Fish-Free', 'Shellfish-Free', 'Pork-Free', 'Red-Meat-Free', 'Crustacean-Free', 'Celery-Free', 'Mustard-Free', 'Sesame-Free', 'Lupine-Free', 'Mollusk-Free', 'Alcohol-Free', 'Sulfite-Free', 'Kosher']",['breakfast'],7
Panisse Recipe,"['Balanced', 'High-Fiber']","['Vegan', 'Vegetarian', 'Pescatarian', 'Mediterranean', 'Dairy-Free', 'Gluten-Free', 'Wheat-Free', 'Egg-Free', 'Peanut-Free', 'Tree-Nut-Free', 'Soy-Free', 'Fish-Free', 'Shellfish-Free', 'Pork-Free', 'Red-Meat-Free', 'Crustacean-Free', 'Celery-Free', 'Mustard-Free', 'Sesame-Free', 'Lupine-Free', 'Mollusk-Free', 'Alcohol-Free', 'Sulfite-Free', 'Kosher']",['lunch/dinner'],11
Chocolate Milk from Scratch Recipe,"['Balanced', 'Low-Sodium']","['Vegetarian', 'Pescatarian', 'Gluten-Free', 'Wheat-Free', 'Egg-Free', 'Peanut-Free', 'Tree-Nut-Free', 'Soy-Free', 'Fish-Free', 'Shellfish-Free', 'Pork-Free', 'Red-Meat-Free', 'Crustacean-Free', 'Celery-Free', 'Mustard-Free', 'Sesame-Free', 'Lupine-Free', 'Mollusk-Free', 'Alcohol-Free', 'No oil added', 'Kosher']",['lunch/dinner'],7
Seven-Yolk Pasta Dough,"['Balanced', 'Low-Sodium']","['Sugar-Conscious', 'Low Potassium', 'Kidney-Friendly', 'Vegetarian', 'Pescatarian', 'Mediterranean', 'Peanut-Free', 'Tree-Nut-Free', 'Soy-Free', 'Fish-Free', 'Shellfish-Free', 'Pork-Free', 'Red-Meat-Free', 'Crustacean-Free', 'Celery-Free', 'Mustard-Free', 'Sesame-Free', 'Lupine-Free', 'Mollusk-Free', 'Alcohol-Free', 'Sulfite-Free', 'Kosher']",['lunch/dinner'],7
Mixed Berry Ricotta Fool,"['Balanced', 'Low-Sodium']","['Kidney-Friendly', 'Vegetarian', 'Pescatarian', 'Gluten-Free', 'Wheat-Free', 'Egg-Free', 'Peanut-Free', 'Tree-Nut-Free', 'Soy-Free', 'Fish-Free', 'Shellfish-Free', 'Pork-Free', 'Red-Meat-Free', 'Crustacean-Free', 'Celery-Free', 'Mustard-Free', 'Sesame-Free', 'Lupine-Free', 'Mollusk-Free', 'Alcohol-Free', 'No oil added', 'Kosher']",['lunch/dinner'],7
Olive Oil Cracker recipes,"['Balanced', 'High-Fiber']","['Sugar-Conscious', 'Vegan', 'Vegetarian', 'Pescatarian', 'Mediterranean', 'Dairy-Free', 'Egg-Free', 'Peanut-Free', 'Tree-Nut-Free', 'Soy-Free', 'Fish-Free', 'Shellfish-Free', 'Pork-Free', 'Red-Meat-Free', 'Crustacean-Free', 'Celery-Free', 'Mustard-Free', 'Sesame-Free', 'Lupine-Free', 'Mollusk-Free', 'Alcohol-Free', 'Sulfite-Free', 'Kosher']",['snack'],11
Chinese Five Spice Powder,"['Balanced', 'Low-Sodium']","['Sugar-Conscious', 'Low Potassium', 'Kidney-Friendly', 'Keto-Friendly', 'Vegan', 'Vegetarian', 'Pescatarian', 'Paleo', 'Mediterranean', 'DASH', 'Dairy-Free', 'Gluten-Free', 'Wheat-Free', 'Egg-Free', 'Peanut-Free', 'Tree-Nut-Free', 'Soy-Free', 'Fish-Free', 'Shellfish-Free', 'Pork-Free', 'Red-Meat-Free', 'Crustacean-Free', 'Celery-Free', 'Mustard-Free', 'Sesame-Free', 'Lupine-Free', 'Mollusk-Free', 'Alcohol-Free', 'No oil added', 'Sulfite-Free', 'FODMAP-Free', 'Kosher']",['lunch/dinner'],7
Fiadone,"['Balanced', 'Low-Sodium']","['Low Potassium', 'Kidney-Friendly', 'Vegetarian', 'Pescatarian', 'Gluten-Free', 'Wheat-Free', 'Peanut-Free', 'Tree-Nut-Free', 'Soy-Free', 'Fish-Free', 'Shellfish-Free', 'Pork-Free', 'Red-Meat-Free', 'Crustacean-Free', 'Celery-Free', 'Mustard-Free', 'Sesame-Free', 'Lupine-Free', 'Mollusk-Free', 'Alcohol-Free', 'No oil added', 'Kosher']",['lunch/dinner'],7
Pasta alla Gricia Recipe,['Balanced'],"['Sugar-Conscious', 'Low Potassium', 'Kidney-Friendly', 'Egg-Free', 'Peanut-Free', 'Tree-Nut-Free', 'Soy-Free', 'Fish-Free', 'Shellfish-Free', 'Crustacean-Free', 'Celery-Free', 'Mustard-Free', 'Sesame-Free', 'Lupine-Free', 'Mollusk-Free', 'Alcohol-Free', 'No oil added', 'Sulfite-Free']",['lunch/dinner'],6
Vibrant Tasty Green Bean recipes,['Balanced'],"['Kidney-Friendly', 'Vegan', 'Vegetarian', 'Pescatarian', 'Paleo', 'Mediterranean', 'DASH', 'Dairy-Free', 'Gluten-Free', 'Wheat-Free', 'Egg-Free', 'Peanut-Free', 'Tree-Nut-Free', 'Soy-Free', 'Fish-Free', 'Shellfish-Free', 'Pork-Free', 'Red-Meat-Free', 'Crustacean-Free', 'Celery-Free', 'Mustard-Free', 'Sesame-Free', 'Lupine-Free', 'Mollusk-Free', 'Alcohol-Free', 'Sulfite-Free', 'Kosher', 'Immuno-Supportive']",['lunch/dinner'],6
Boozy Baked French Toast,['Balanced'],"['Vegetarian', 'Pescatarian', 'Peanut-Free', 'Tree-Nut-Free', 'Soy-Free', 'Fish-Free', 'Shellfish-Free', 'Pork-Free', 'Red-Meat-Free', 'Crustacean-Free', 'Celery-Free', 'Mustard-Free', 'Sesame-Free', 'Lupine-Free', 'Mollusk-Free', 'Alcohol-Free', 'Kosher']",['breakfast'],6
Poached Egg On Potato Hash,"['Balanced', 'High-Fiber']","['Sugar-Conscious', 'Vegetarian', 'Pescatarian', 'Mediterranean', 'Dairy-Free', 'Gluten-Free', 'Wheat-Free', 'Peanut-Free', 'Tree-Nut-Free', 'Soy-Free', 'Fish-Free', 'Shellfish-Free', 'Pork-Free', 'Red-Meat-Free', 'Crustacean-Free', 'Celery-Free', 'Mustard-Free', 'Sesame-Free', 'Lupine-Free', 'Mollusk-Free', 'Alcohol-Free', 'Sulfite-Free', 'Kosher', 'Immuno-Supportive']",['lunch/dinner'],11
Parsley Pasta,['Balanced'],"['Sugar-Conscious', 'Vegetarian', 'Pescatarian', 'Mediterranean', 'Peanut-Free', 'Tree-Nut-Free', 'Soy-Free', 'Fish-Free', 'Shellfish-Free', 'Pork-Free', 'Red-Meat-Free', 'Crustacean-Free', 'Celery-Free', 'Mustard-Free', 'Sesame-Free', 'Lupine-Free', 'Mollusk-Free', 'Alcohol-Free', 'Sulfite-Free', 'Kosher', 'Immuno-Supportive']",['lunch/dinner'],6
Easy Roasted Cabbage Recipe,['Balanced'],"['Sugar-Conscious', 'Kidney-Friendly', 'Keto-Friendly', 'Vegan', 'Vegetarian', 'Pescatarian', 'Paleo', 'Mediterranean', 'DASH', 'Dairy-Free', 'Gluten-Free', 'Wheat-Free', 'Egg-Free', 'Peanut-Free', 'Tree-Nut-Free', 'Soy-Free', 'Fish-Free', 'Shellfish-Free', 'Pork-Free', 'Red-Meat-Free', 'Crustacean-Free', 'Celery-Free', 'Mustard-Free', 'Sesame-Free', 'Lupine-Free', 'Mollusk-Free', 'Alcohol-Free', 'Sulfite-Free', 'FODMAP-Free', 'Kosher', 'Immuno-Supportive']",['lunch/dinner'],6
Roasted Strawberry Milkshake recipes,"['High-Fiber', 'Low-Fat', 'Low-Sodium']","['Vegan', 'Vegetarian', 'Pescatarian', 'Dairy-Free', 'Gluten-Free', 'Wheat-Free', 'Egg-Free', 'Peanut-Free', 'Tree-Nut-Free', 'Soy-Free', 'Fish-Free', 'Shellfish-Free', 'Pork-Free', 'Red-Meat-Free', 'Crustacean-Free', 'Celery-Free', 'Mustard-Free', 'Sesame-Free', 'Lupine-Free', 'Mollusk-Free', 'Alcohol-Free', 'No oil added', 'FODMAP-Free', 'Kosher']",['lunch/dinner'],8
Yuzu Kosho,"['High-Fiber', 'Low-Fat']","['Vegan', 'Vegetarian', 'Pescatarian', 'Paleo', 'Mediterranean', 'DASH', 'Dairy-Free', 'Gluten-Free', 'Wheat-Free', 'Egg-Free', 'Peanut-Free', 'Tree-Nut-Free', 'Soy-Free', 'Fish-Free', 'Shellfish-Free', 'Pork-Free', 'Red-Meat-Free', 'Crustacean-Free', 'Celery-Free', 'Mustard-Free', 'Sesame-Free', 'Lupine-Free', 'Mollusk-Free', 'Alcohol-Free', 'No oil added', 'Sulfite-Free', 'Kosher', 'Immuno-Supportive']",['lunch/dinner'],7
Candied Ginger,"['High-Fiber', 'Low-Fat', 'Low-Sodium']","['Vegan', 'Vegetarian', 'Pescatarian', 'Dairy-Free', 'Gluten-Free', 'Wheat-Free', 'Egg-Free', 'Peanut-Free', 'Tree-Nut-Free', 'Soy-Free', 'Fish-Free', 'Shellfish-Free', 'Pork-Free', 'Red-Meat-Free', 'Crustacean-Free', 'Celery-Free', 'Mustard-Free', 'Sesame-Free', 'Lupine-Free', 'Mollusk-Free', 'Alcohol-Free', 'No oil added', 'FODMAP-Free', 'Kosher', 'Immuno-Supportive']",['snack'],8
POMEGRANATE SORBET recipes,"['High-Fiber', 'Low-Fat', 'Low-Sodium']","['Vegan', 'Vegetarian', 'Pescatarian', 'Dairy-Free', 'Gluten-Free', 'Wheat-Free', 'Egg-Free', 'Peanut-Free', 'Soy-Free', 'Fish-Free', 'Shellfish-Free', 'Pork-Free', 'Red-Meat-Free', 'Crustacean-Free', 'Celery-Free', 'Mustard-Free', 'Sesame-Free', 'Lupine-Free', 'Mollusk-Free', 'Alcohol-Free', 'No oil added', 'Kosher']",['lunch/dinner'],8
Braised Quinces,"['High-Fiber', 'Low-Fat', 'Low-Sodium']","['Vegan', 'Vegetarian', 'Pescatarian', 'Dairy-Free', 'Gluten-Free', 'Wheat-Free', 'Egg-Free', 'Peanut-Free', 'Tree-Nut-Free', 'Soy-Free', 'Fish-Free', 'Shellfish-Free', 'Pork-Free', 'Red-Meat-Free', 'Crustacean-Free', 'Celery-Free', 'Mustard-Free', 'Sesame-Free', 'Lupine-Free', 'Mollusk-Free', 'Alcohol-Free', 'No oil added', 'FODMAP-Free', 'Kosher']",['breakfast'],8
Apple Jellies,"['High-Fiber', 'Low-Fat', 'Low-Sodium']","['Vegan', 'Vegetarian', 'Pescatarian', 'Dairy-Free', 'Gluten-Free', 'Wheat-Free', 'Egg-Free', 'Peanut-Free', 'Tree-Nut-Free', 'Soy-Free', 'Fish-Free', 'Shellfish-Free', 'Pork-Free', 'Red-Meat-Free', 'Crustacean-Free', 'Celery-Free', 'Mustard-Free', 'Sesame-Free', 'Lupine-Free', 'Mollusk-Free', 'Alcohol-Free', 'No oil added', 'Kosher']",['lunch/dinner'],8
Peach Butter,"['High-Fiber', 'Low-Fat', 'Low-Sodium']","['Vegan', 'Vegetarian', 'Pescatarian', 'Dairy-Free', 'Gluten-Free', 'Wheat-Free', 'Egg-Free', 'Peanut-Free', 'Tree-Nut-Free', 'Soy-Free', 'Fish-Free', 'Shellfish-Free', 'Pork-Free', 'Red-Meat-Free', 'Crustacean-Free', 'Celery-Free', 'Mustard-Free', 'Sesame-Free', 'Lupine-Free', 'Mollusk-Free', 'Alcohol-Free', 'No oil added', 'Kosher']",['breakfast'],8
Fresh Lemon Syrup Recipe,"['High-Fiber', 'Low-Fat', 'Low-Sodium']","['Kidney-Friendly', 'Vegan', 'Vegetarian', 'Pescatarian', 'Dairy-Free', 'Gluten-Free', 'Wheat-Free', 'Egg-Free', 'Peanut-Free', 'Tree-Nut-Free', 'Soy-Free', 'Fish-Free', 'Shellfish-Free', 'Pork-Free', 'Red-Meat-Free', 'Crustacean-Free', 'Celery-Free', 'Mustard-Free', 'Sesame-Free', 'Lupine-Free', 'Mollusk-Free', 'Alcohol-Free', 'No oil added', 'FODMAP-Free', 'Kosher']",['lunch/dinner'],8
Poached Pears,"['High-Fiber', 'Low-Fat', 'Low-Sodium']","['Kidney-Friendly', 'Vegan', 'Vegetarian', 'Pescatarian', 'Dairy-Free', 'Gluten-Free', 'Wheat-Free', 'Egg-Free', 'Peanut-Free', 'Tree-Nut-Free', 'Soy-Free', 'Fish-Free', 'Shellfish-Free', 'Pork-Free', 'Red-Meat-Free', 'Crustacean-Free', 'Celery-Free', 'Mustard-Free', 'Sesame-Free', 'Lupine-Free', 'Mollusk-Free', 'Alcohol-Free', 'No oil added', 'Kosher']",['lunch/dinner'],8
Strawberry Sorbet,"['High-Fiber', 'Low-Fat', 'Low-Sodium']","['Vegan', 'Vegetarian', 'Pescatarian', 'Dairy-Free', 'Gluten-Free', 'Wheat-Free', 'Egg-Free', 'Peanut-Free', 'Tree-Nut-Free', 'Soy-Free', 'Fish-Free', 'Shellfish-Free', 'Pork-Free', 'Red-Meat-Free', 'Crustacean-Free', 'Celery-Free', 'Mustard-Free', 'Sesame-Free', 'Lupine-Free', 'Mollusk-Free', 'Alcohol-Free', 'No oil added', 'FODMAP-Free', 'Kosher']",['lunch/dinner'],8
Raspberry Coulis,"['High-Fiber', 'Low-Fat', 'Low-Sodium']","['Vegan', 'Vegetarian', 'Pescatarian', 'Dairy-Free', 'Gluten-Free', 'Wheat-Free', 'Egg-Free', 'Peanut-Free', 'Tree-Nut-Free', 'Soy-Free', 'Fish-Free', 'Shellfish-Free', 'Pork-Free', 'Red-Meat-Free', 'Crustacean-Free', 'Celery-Free', 'Mustard-Free', 'Sesame-Free', 'Lupine-Free', 'Mollusk-Free', 'Alcohol-Free', 'No oil added', 'FODMAP-Free', 'Kosher']",['lunch/dinner'],8
Apple Pate De Fruit,"['High-Fiber', 'Low-Fat', 'Low-Sodium']","['Kidney-Friendly', 'Vegan', 'Vegetarian', 'Pescatarian', 'Dairy-Free', 'Gluten-Free', 'Wheat-Free', 'Egg-Free', 'Peanut-Free', 'Tree-Nut-Free', 'Soy-Free', 'Fish-Free', 'Shellfish-Free', 'Pork-Free', 'Red-Meat-Free', 'Crustacean-Free', 'Celery-Free', 'Mustard-Free', 'Sesame-Free', 'Lupine-Free', 'Mollusk-Free', 'Alcohol-Free', 'No oil added', 'Kosher']",['breakfast'],8
"Grapefruit, Lime And Ginger Juice","['High-Fiber', 'Low-Fat', 'Low-Sodium']","['Vegan', 'Vegetarian', 'Pescatarian', 'Dairy-Free', 'Gluten-Free', 'Wheat-Free', 'Egg-Free', 'Peanut-Free', 'Tree-Nut-Free', 'Soy-Free', 'Fish-Free', 'Shellfish-Free', 'Pork-Free', 'Red-Meat-Free', 'Crustacean-Free', 'Celery-Free', 'Mustard-Free', 'Sesame-Free', 'Lupine-Free', 'Mollusk-Free', 'Alcohol-Free', 'No oil added', 'Kosher']",['teatime'],8
Imperial Royale Recipe,"['High-Fiber', 'Low-Fat', 'Low-Sodium']","['Vegan', 'Vegetarian', 'Pescatarian', 'Mediterranean', 'Dairy-Free', 'Egg-Free', 'Peanut-Free', 'Tree-Nut-Free', 'Soy-Free', 'Fish-Free', 'Shellfish-Free', 'Pork-Free', 'Red-Meat-Free', 'Crustacean-Free', 'Celery-Free', 'Mustard-Free', 'Sesame-Free', 'Lupine-Free', 'Mollusk-Free', 'No oil added', 'Kosher', 'Alcohol-Cocktail']",['lunch/dinner'],8
Peach Leaf Wine,"['High-Fiber', 'Low-Fat', 'Low-Sodium']","['Vegan', 'Vegetarian', 'Pescatarian', 'Dairy-Free', 'Gluten-Free', 'Wheat-Free', 'Egg-Free', 'Peanut-Free', 'Tree-Nut-Free', 'Soy-Free', 'Fish-Free', 'Shellfish-Free', 'Pork-Free', 'Red-Meat-Free', 'Crustacean-Free', 'Celery-Free', 'Mustard-Free', 'Sesame-Free', 'Lupine-Free', 'Mollusk-Free', 'No oil added', 'Kosher']",['lunch/dinner'],8
Frothy Iced Matcha Green Tea Recipe,"['High-Protein', 'Low-Fat', 'Low-Sodium']","['Sugar-Conscious', 'Low Sugar', 'Low Potassium', 'Kidney-Friendly', 'Keto-Friendly', 'Vegan', 'Vegetarian', 'Pescatarian', 'Dairy-Free', 'Gluten-Free', 'Wheat-Free', 'Egg-Free', 'Peanut-Free', 'Tree-Nut-Free', 'Soy-Free', 'Fish-Free', 'Shellfish-Free', 'Pork-Free', 'Red-Meat-Free', 'Crustacean-Free', 'Celery-Free', 'Mustard-Free', 'Sesame-Free', 'Lupine-Free', 'Mollusk-Free', 'Alcohol-Free', 'No oil added', 'Kosher']",['lunch/dinner'],7
Chili Oil And Blood Orange Grilled Shrimp,"['High-Protein', 'Low-Carb']","['Keto-Friendly', 'Pescatarian', 'Dairy-Free', 'Gluten-Free', 'Wheat-Free', 'Egg-Free', 'Peanut-Free', 'Tree-Nut-Free', 'Soy-Free', 'Pork-Free', 'Red-Meat-Free', 'Celery-Free', 'Mustard-Free', 'Sesame-Free', 'Lupine-Free', 'Mollusk-Free', 'Alcohol-Free', 'FODMAP-Free']",['lunch/dinner'],7
Sous Vide Chicken Teriyaki,"['High-Protein', 'Low-Fat']","['Dairy-Free', 'Egg-Free', 'Peanut-Free', 'Tree-Nut-Free', 'Fish-Free', 'Shellfish-Free', 'Pork-Free', 'Red-Meat-Free', 'Crustacean-Free', 'Celery-Free', 'Mustard-Free', 'Sesame-Free', 'Lupine-Free', 'Mollusk-Free', 'No oil added', 'Kosher']",['lunch/dinner'],6
Grilled Shrimp Cocktail,"['High-Protein', 'Low-Fat', 'Low-Carb']","['Pescatarian', 'Mediterranean', 'DASH', 'Dairy-Free', 'Gluten-Free', 'Wheat-Free', 'Egg-Free', 'Peanut-Free', 'Tree-Nut-Free', 'Soy-Free', 'Pork-Free', 'Red-Meat-Free', 'Celery-Free', 'Mustard-Free', 'Sesame-Free', 'Lupine-Free', 'Mollusk-Free', 'Alcohol-Free', 'No oil added', 'Sulfite-Free']",['lunch/dinner'],9
Self-made Hojicha (Roasted Green Tea),"['High-Protein', 'Low-Fat', 'Low-Sodium']","['Sugar-Conscious', 'Low Sugar', 'Low Potassium', 'Kidney-Friendly', 'Keto-Friendly', 'Vegan', 'Vegetarian', 'Pescatarian', 'Dairy-Free', 'Gluten-Free', 'Wheat-Free', 'Egg-Free', 'Peanut-Free', 'Tree-Nut-Free', 'Soy-Free', 'Fish-Free', 'Shellfish-Free', 'Pork-Free', 'Red-Meat-Free', 'Crustacean-Free', 'Celery-Free', 'Mustard-Free', 'Sesame-Free', 'Lupine-Free', 'Mollusk-Free', 'Alcohol-Free', 'No oil added', 'Sulfite-Free', 'Kosher']",['lunch/dinner'],7
"Quick, Concentrated Shrimp Stock","['High-Protein', 'Low-Fat', 'Low-Carb', 'Low-Sodium']","['Sugar-Conscious', 'Low Potassium', 'Kidney-Friendly', 'Keto-Friendly', 'Pescatarian', 'Mediterranean', 'DASH', 'Dairy-Free', 'Gluten-Free', 'Wheat-Free', 'Egg-Free', 'Peanut-Free', 'Tree-Nut-Free', 'Soy-Free', 'Pork-Free', 'Red-Meat-Free', 'Celery-Free', 'Mustard-Free', 'Sesame-Free', 'Lupine-Free', 'Mollusk-Free', 'Alcohol-Free', 'No oil added', 'Sulfite-Free']",['lunch/dinner'],10
"Fruit Juice ""Gummies""","['High-Protein', 'Low-Fat', 'Low-Sodium']","['Low Potassium', 'Kidney-Friendly', 'Keto-Friendly', 'Dairy-Free', 'Gluten-Free', 'Wheat-Free', 'Egg-Free', 'Peanut-Free', 'Tree-Nut-Free', 'Soy-Free', 'Fish-Free', 'Shellfish-Free', 'Red-Meat-Free', 'Crustacean-Free', 'Celery-Free', 'Mustard-Free', 'Sesame-Free', 'Lupine-Free', 'Mollusk-Free', 'Alcohol-Free', 'No oil added']",['lunch/dinner'],7
Stovetop Crab Innards,"['High-Protein', 'Low-Fat']","['Sugar-Conscious', 'Low Sugar', 'Keto-Friendly', 'Pescatarian', 'Dairy-Free', 'Gluten-Free', 'Wheat-Free', 'Egg-Free', 'Peanut-Free', 'Tree-Nut-Free', 'Soy-Free', 'Fish-Free', 'Pork-Free', 'Red-Meat-Free', 'Celery-Free', 'Mustard-Free', 'Sesame-Free', 'Lupine-Free', 'Mollusk-Free', 'No oil added', 'Sulfite-Free']",['lunch/dinner'],6
Ikura (Salmon Caviar),"['High-Protein', 'Low-Carb']","['Dairy-Free', 'Egg-Free', 'Peanut-Free', 'Tree-Nut-Free', 'Shellfish-Free', 'Pork-Free', 'Red-Meat-Free', 'Crustacean-Free', 'Celery-Free', 'Mustard-Free', 'Sesame-Free', 'Lupine-Free', 'Mollusk-Free', 'No oil added']",['lunch/dinner'],7
Half and Half,"['High-Protein', 'Low-Fat', 'Low-Sodium']","['Sugar-Conscious', 'Low Sugar', 'Keto-Friendly', 'Pescatarian', 'Mediterranean', 'Dairy-Free', 'Egg-Free', 'Peanut-Free', 'Tree-Nut-Free', 'Soy-Free', 'Shellfish-Free', 'Pork-Free', 'Red-Meat-Free', 'Crustacean-Free', 'Celery-Free', 'Mustard-Free', 'Sesame-Free', 'Lupine-Free', 'Mollusk-Free', 'No oil added', 'Kosher']",['lunch/dinner'],7
Simple Savory Scallops,"['High-Protein', 'Low-Fat', 'Low-Sodium']","['Sugar-Conscious', 'Low Potassium', 'Kidney-Friendly', 'Keto-Friendly', 'Pescatarian', 'Paleo', 'Mediterranean', 'DASH', 'Dairy-Free', 'Gluten-Free', 'Wheat-Free', 'Egg-Free', 'Peanut-Free', 'Tree-Nut-Free', 'Soy-Free', 'Fish-Free', 'Pork-Free', 'Red-Meat-Free', 'Crustacean-Free', 'Celery-Free', 'Mustard-Free', 'Sesame-Free', 'Lupine-Free', 'Alcohol-Free', 'No oil added', 'Sulfite-Free', 'FODMAP-Free']",['lunch/dinner'],7
Pressure-Cooker Octopus Recipe,"['High-Protein', 'Low-Fat', 'Low-Carb']","['Sugar-Conscious', 'Low Sugar', 'Keto-Friendly', 'Pescatarian', 'Paleo', 'Mediterranean', 'DASH', 'Dairy-Free', 'Gluten-Free', 'Wheat-Free', 'Egg-Free', 'Peanut-Free', 'Tree-Nut-Free', 'Soy-Free', 'Fish-Free', 'Pork-Free', 'Red-Meat-Free', 'Crustacean-Free', 'Celery-Free', 'Mustard-Free', 'Sesame-Free', 'Lupine-Free', 'Alcohol-Free', 'No oil added', 'Sulfite-Free', 'FODMAP-Free', 'Immuno-Supportive']",['lunch/dinner'],9
Tofu With Crab Sauce,"['High-Protein', 'Low-Carb']","['Sugar-Conscious', 'Keto-Friendly', 'Mediterranean', 'Dairy-Free', 'Egg-Free', 'Peanut-Free', 'Tree-Nut-Free', 'Fish-Free', 'Pork-Free', 'Red-Meat-Free', 'Celery-Free', 'Mustard-Free', 'Sesame-Free', 'Lupine-Free', 'Mollusk-Free', 'Alcohol-Free', 'No oil added']",['snack'],7
Boiled or Steamed Lobsters,"['High-Protein', 'Low-Fat', 'Low-Carb']","['Sugar-Conscious', 'Low Sugar', 'Keto-Friendly', 'Pescatarian', 'Paleo', 'Mediterranean', 'DASH', 'Dairy-Free', 'Gluten-Free', 'Wheat-Free', 'Egg-Free', 'Peanut-Free', 'Tree-Nut-Free', 'Soy-Free', 'Fish-Free', 'Pork-Free', 'Red-Meat-Free', 'Celery-Free', 'Mustard-Free', 'Sesame-Free', 'Lupine-Free', 'Mollusk-Free', 'Alcohol-Free', 'No oil added', 'Sulfite-Free', 'FODMAP-Free']",['lunch/dinner'],9
Bonito Crudo,"['High-Protein', 'Low-Fat', 'Low-Carb', 'Low-Sodium']","['Sugar-Conscious', 'Keto-Friendly', 'Pescatarian', 'Paleo', 'Mediterranean', 'Dairy-Free', 'Gluten-Free', 'Wheat-Free', 'Egg-Free', 'Peanut-Free', 'Tree-Nut-Free', 'Soy-Free', 'Shellfish-Free', 'Pork-Free', 'Red-Meat-Free', 'Crustacean-Free', 'Celery-Free', 'Mustard-Free', 'Sesame-Free', 'Lupine-Free', 'Mollusk-Free', 'Alcohol-Free', 'No oil added', 'Sulfite-Free', 'FODMAP-Free', 'Kosher']",['lunch/dinner'],10
Anchovy Stock,"['High-Protein', 'Low-Carb', 'Low-Sodium']","['Sugar-Conscious', 'Low Sugar', 'Low Potassium', 'Kidney-Friendly', 'Keto-Friendly', 'Pescatarian', 'Paleo', 'Mediterranean', 'Dairy-Free', 'Gluten-Free', 'Wheat-Free', 'Egg-Free', 'Peanut-Free', 'Tree-Nut-Free', 'Soy-Free', 'Shellfish-Free', 'Pork-Free', 'Red-Meat-Free', 'Crustacean-Free', 'Celery-Free', 'Mustard-Free', 'Sesame-Free', 'Lupine-Free', 'Mollusk-Free', 'Alcohol-Free', 'Sulfite-Free', 'FODMAP-Free', 'Kosher', 'Immuno-Supportive']",['lunch/dinner'],8
Tofu with Crab Sauce Recipe,"['High-Protein', 'Low-Carb']","['Sugar-Conscious', 'Keto-Friendly', 'Mediterranean', 'Dairy-Free', 'Egg-Free', 'Peanut-Free', 'Tree-Nut-Free', 'Fish-Free', 'Pork-Free', 'Red-Meat-Free', 'Celery-Free', 'Mustard-Free', 'Sesame-Free', 'Lupine-Free', 'Mollusk-Free', 'Alcohol-Free', 'No oil added']",['snack'],7
Peel-and-Eat Shrimp recipes,"['High-Protein', 'Low-Fat', 'Low-Carb', 'Low-Sodium']","['Sugar-Conscious', 'Keto-Friendly', 'Pescatarian', 'Gluten-Free', 'Wheat-Free', 'Egg-Free', 'Peanut-Free', 'Tree-Nut-Free', 'Soy-Free', 'Pork-Free', 'Red-Meat-Free', 'Celery-Free', 'Mustard-Free', 'Sesame-Free', 'Lupine-Free', 'Mollusk-Free', 'Alcohol-Free', 'Sulfite-Free', 'FODMAP-Free']",['lunch/dinner'],10
Cryo-Shucked Clams Recipe,"['High-Protein', 'Low-Fat']","['Sugar-Conscious', 'Low Sugar', 'Low Potassium', 'Kidney-Friendly', 'Keto-Friendly', 'Pescatarian', 'Paleo', 'Mediterranean', 'Dairy-Free', 'Gluten-Free', 'Wheat-Free', 'Egg-Free', 'Peanut-Free', 'Tree-Nut-Free', 'Soy-Free', 'Fish-Free', 'Pork-Free', 'Red-Meat-Free', 'Crustacean-Free', 'Celery-Free', 'Mustard-Free', 'Sesame-Free', 'Lupine-Free', 'Alcohol-Free', 'No oil added', 'Sulfite-Free', 'FODMAP-Free']",['lunch/dinner'],6
Roast Snapper With Spring Vegetables,"['High-Protein', 'High-Fiber', 'Low-Fat']","['Pescatarian', 'Paleo', 'Mediterranean', 'DASH', 'Dairy-Free', 'Gluten-Free', 'Wheat-Free', 'Egg-Free', 'Peanut-Free', 'Tree-Nut-Free', 'Soy-Free', 'Shellfish-Free', 'Pork-Free', 'Red-Meat-Free', 'Crustacean-Free', 'Celery-Free', 'Mustard-Free', 'Sesame-Free', 'Lupine-Free', 'Mollusk-Free', 'Alcohol-Free', 'No oil added', 'Sulfite-Free', 'Kosher', 'Immuno-Supportive']",['lunch/dinner'],11
Salted And Honeyed Brown Butter Spread,"['Low-Carb', 'Low-Sodium']","['Low Potassium', 'Kidney-Friendly', 'Keto-Friendly', 'Vegetarian', 'Pescatarian', 'Gluten-Free', 'Wheat-Free', 'Egg-Free', 'Peanut-Free', 'Tree-Nut-Free', 'Soy-Free', 'Fish-Free', 'Shellfish-Free', 'Pork-Free', 'Red-Meat-Free', 'Crustacean-Free', 'Celery-Free', 'Mustard-Free', 'Sesame-Free', 'Lupine-Free', 'Mollusk-Free', 'Alcohol-Free', 'Kosher']",['breakfast'],4
Kale Chips,"['Low-Carb', 'Low-Sodium']","['Sugar-Conscious', 'Low Potassium', 'Kidney-Friendly', 'Keto-Friendly', 'Vegan', 'Vegetarian', 'Pescatarian', 'Paleo', 'Mediterranean', 'DASH', 'Dairy-Free', 'Gluten-Free', 'Wheat-Free', 'Egg-Free', 'Peanut-Free', 'Tree-Nut-Free', 'Soy-Free', 'Fish-Free', 'Shellfish-Free', 'Pork-Free', 'Red-Meat-Free', 'Crustacean-Free', 'Celery-Free', 'Mustard-Free', 'Sesame-Free', 'Lupine-Free', 'Mollusk-Free', 'Alcohol-Free', 'Sulfite-Free', 'FODMAP-Free', 'Kosher', 'Immuno-Supportive']",['snack'],4
Ginger Scallion Sauce,"['Low-Carb', 'Low-Sodium']","['Sugar-Conscious', 'Low Potassium', 'Kidney-Friendly', 'Keto-Friendly', 'Vegan', 'Vegetarian', 'Pescatarian', 'Dairy-Free', 'Gluten-Free', 'Wheat-Free', 'Egg-Free', 'Tree-Nut-Free', 'Soy-Free', 'Fish-Free', 'Shellfish-Free', 'Pork-Free', 'Red-Meat-Free', 'Crustacean-Free', 'Celery-Free', 'Mustard-Free', 'Sesame-Free', 'Lupine-Free', 'Mollusk-Free', 'Alcohol-Free', 'Sulfite-Free', 'Kosher', 'Immuno-Supportive']",['snack'],4
Pandan Wrapped Roast Pork,['Low-Carb'],"['Sugar-Conscious', 'Low Sugar', 'Keto-Friendly', 'Paleo', 'Dairy-Free', 'Gluten-Free', 'Wheat-Free', 'Egg-Free', 'Peanut-Free', 'Tree-Nut-Free', 'Soy-Free', 'Fish-Free', 'Shellfish-Free', 'Crustacean-Free', 'Celery-Free', 'Mustard-Free', 'Sesame-Free', 'Lupine-Free', 'Mollusk-Free', 'Alcohol-Free', 'No oil added', 'Sulfite-Free', 'FODMAP-Free']",['lunch/dinner'],3
Butterscotch Calypso Bean Soup recipes,"['Low-Carb', 'Low-Sodium']","['Sugar-Conscious', 'Low Potassium', 'Kidney-Friendly', 'Keto-Friendly', 'Vegan', 'Vegetarian', 'Pescatarian', 'Paleo', 'Mediterranean', 'DASH', 'Dairy-Free', 'Gluten-Free', 'Wheat-Free', 'Egg-Free', 'Peanut-Free', 'Tree-Nut-Free', 'Soy-Free', 'Fish-Free', 'Shellfish-Free', 'Pork-Free', 'Red-Meat-Free', 'Crustacean-Free', 'Celery-Free', 'Mustard-Free', 'Sesame-Free', 'Lupine-Free', 'Mollusk-Free', 'Alcohol-Free', 'Sulfite-Free', 'Kosher', 'Immuno-Supportive']",['lunch/dinner'],4
Homemade Yogurt with Butter Toasted Walnuts and Honey recipes,"['Low-Carb', 'Low-Sodium']","['Vegetarian', 'Pescatarian', 'Gluten-Free', 'Wheat-Free', 'Egg-Free', 'Peanut-Free', 'Soy-Free', 'Fish-Free', 'Shellfish-Free', 'Pork-Free', 'Red-Meat-Free', 'Crustacean-Free', 'Celery-Free', 'Mustard-Free', 'Sesame-Free', 'Lupine-Free', 'Mollusk-Free', 'Alcohol-Free', 'Sulfite-Free', 'Kosher']",['lunch/dinner'],4
Caramel Banana Macarons,"['Low-Carb', 'Low-Sodium']","['Vegetarian', 'Pescatarian', 'Dairy-Free', 'Gluten-Free', 'Wheat-Free', 'Peanut-Free', 'Soy-Free', 'Fish-Free', 'Shellfish-Free', 'Pork-Free', 'Red-Meat-Free', 'Crustacean-Free', 'Celery-Free', 'Mustard-Free', 'Sesame-Free', 'Lupine-Free', 'Mollusk-Free', 'Alcohol-Free', 'No oil added', 'FODMAP-Free', 'Kosher']",['lunch/dinner'],4
Baked Kale Chips recipes,"['Low-Carb', 'Low-Sodium']","['Sugar-Conscious', 'Low Potassium', 'Kidney-Friendly', 'Keto-Friendly', 'Vegan', 'Vegetarian', 'Pescatarian', 'Paleo', 'Mediterranean', 'DASH', 'Dairy-Free', 'Gluten-Free', 'Wheat-Free', 'Egg-Free', 'Peanut-Free', 'Tree-Nut-Free', 'Soy-Free', 'Fish-Free', 'Shellfish-Free', 'Pork-Free', 'Red-Meat-Free', 'Crustacean-Free', 'Celery-Free', 'Mustard-Free', 'Sesame-Free', 'Lupine-Free', 'Mollusk-Free', 'Alcohol-Free', 'Sulfite-Free', 'FODMAP-Free', 'Kosher', 'Immuno-Supportive']",['snack'],4
Honey Roasted Peanut Butter recipes,"['High-Fiber', 'Low-Carb']","['Vegetarian', 'Pescatarian', 'Dairy-Free', 'Gluten-Free', 'Wheat-Free', 'Egg-Free', 'Tree-Nut-Free', 'Soy-Free', 'Fish-Free', 'Shellfish-Free', 'Pork-Free', 'Red-Meat-Free', 'Crustacean-Free', 'Celery-Free', 'Mustard-Free', 'Sesame-Free', 'Lupine-Free', 'Mollusk-Free', 'Alcohol-Free', 'Kosher']",['snack'],8
Ham Stock,"['Low-Carb', 'Low-Sodium']","['Sugar-Conscious', 'Low Potassium', 'Kidney-Friendly', 'Keto-Friendly', 'Dairy-Free', 'Gluten-Free', 'Wheat-Free', 'Egg-Free', 'Peanut-Free', 'Tree-Nut-Free', 'Soy-Free', 'Fish-Free', 'Shellfish-Free', 'Crustacean-Free', 'Celery-Free', 'Mustard-Free', 'Sesame-Free', 'Lupine-Free', 'Mollusk-Free', 'Alcohol-Free', 'Sulfite-Free']",['lunch/dinner'],4
Quick Coconut Ice Cream With Saffron,"['Low-Carb', 'Low-Sodium']","['Vegetarian', 'Pescatarian', 'Gluten-Free', 'Wheat-Free', 'Egg-Free', 'Peanut-Free', 'Tree-Nut-Free', 'Soy-Free', 'Fish-Free', 'Shellfish-Free', 'Pork-Free', 'Red-Meat-Free', 'Crustacean-Free', 'Celery-Free', 'Mustard-Free', 'Sesame-Free', 'Lupine-Free', 'Mollusk-Free', 'Alcohol-Free', 'No oil added', 'Kosher']",['lunch/dinner'],4
Roasted Spanish Nuts,"['Low-Carb', 'Low-Sodium']","['Sugar-Conscious', 'Keto-Friendly', 'Vegan', 'Vegetarian', 'Pescatarian', 'Mediterranean', 'DASH', 'Dairy-Free', 'Gluten-Free', 'Wheat-Free', 'Egg-Free', 'Tree-Nut-Free', 'Soy-Free', 'Fish-Free', 'Shellfish-Free', 'Pork-Free', 'Red-Meat-Free', 'Crustacean-Free', 'Celery-Free', 'Mustard-Free', 'Sesame-Free', 'Lupine-Free', 'Mollusk-Free', 'Alcohol-Free', 'Sulfite-Free', 'FODMAP-Free', 'Kosher']",['snack'],4
Broiled Stone Fruit with Sweet Cream recipes,"['Low-Carb', 'Low-Sodium']","['Low Potassium', 'Kidney-Friendly', 'Keto-Friendly', 'Vegetarian', 'Pescatarian', 'Gluten-Free', 'Wheat-Free', 'Peanut-Free', 'Tree-Nut-Free', 'Soy-Free', 'Fish-Free', 'Shellfish-Free', 'Pork-Free', 'Red-Meat-Free', 'Crustacean-Free', 'Celery-Free', 'Mustard-Free', 'Sesame-Free', 'Lupine-Free', 'Mollusk-Free', 'No oil added', 'Kosher']",['lunch/dinner'],4
Cook the Book: Canned Tuna,"['High-Protein', 'Low-Fat', 'Low-Carb']","['Sugar-Conscious', 'Low Sugar', 'Keto-Friendly', 'Pescatarian', 'Paleo', 'Mediterranean', 'DASH', 'Dairy-Free', 'Gluten-Free', 'Wheat-Free', 'Egg-Free', 'Peanut-Free', 'Tree-Nut-Free', 'Soy-Free', 'Shellfish-Free', 'Pork-Free', 'Red-Meat-Free', 'Crustacean-Free', 'Celery-Free', 'Mustard-Free', 'Sesame-Free', 'Lupine-Free', 'Mollusk-Free', 'Alcohol-Free', 'Sulfite-Free', 'FODMAP-Free', 'Kosher']",['lunch/dinner'],9
The Crispy Egg,"['Low-Carb', 'Low-Sodium']","['Sugar-Conscious', 'Low Potassium', 'Kidney-Friendly', 'Keto-Friendly', 'Vegetarian', 'Pescatarian', 'Paleo', 'Mediterranean', 'Dairy-Free', 'Gluten-Free', 'Wheat-Free', 'Peanut-Free', 'Tree-Nut-Free', 'Soy-Free', 'Fish-Free', 'Shellfish-Free', 'Pork-Free', 'Red-Meat-Free', 'Crustacean-Free', 'Celery-Free', 'Mustard-Free', 'Sesame-Free', 'Lupine-Free', 'Mollusk-Free', 'Alcohol-Free', 'Sulfite-Free', 'Kosher']",['lunch/dinner'],4
Homemade Pistachio Cream Recipe,"['Low-Carb', 'Low-Sodium']","['Sugar-Conscious', 'Kidney-Friendly', 'Keto-Friendly', 'Vegetarian', 'Pescatarian', 'Mediterranean', 'Gluten-Free', 'Wheat-Free', 'Egg-Free', 'Peanut-Free', 'Soy-Free', 'Fish-Free', 'Shellfish-Free', 'Pork-Free', 'Red-Meat-Free', 'Crustacean-Free', 'Celery-Free', 'Mustard-Free', 'Sesame-Free', 'Lupine-Free', 'Mollusk-Free', 'Alcohol-Free', 'No oil added', 'Sulfite-Free', 'Kosher']",['snack'],4
Oven-Braised Beef with Tomatoes and Garlic recipes,['Low-Carb'],"['Sugar-Conscious', 'Keto-Friendly', 'Paleo', 'Dairy-Free', 'Gluten-Free', 'Wheat-Free', 'Egg-Free', 'Peanut-Free', 'Tree-Nut-Free', 'Soy-Free', 'Fish-Free', 'Shellfish-Free', 'Pork-Free', 'Crustacean-Free', 'Celery-Free', 'Mustard-Free', 'Sesame-Free', 'Lupine-Free', 'Mollusk-Free', 'Alcohol-Free', 'No oil added', 'Sulfite-Free', 'Kosher']",['lunch/dinner'],3
Sauced: Tahini Paste,"['Low-Carb', 'Low-Sodium']","['Sugar-Conscious', 'Kidney-Friendly', 'Keto-Friendly', 'Vegan', 'Vegetarian', 'Pescatarian', 'Paleo', 'Mediterranean', 'DASH', 'Dairy-Free', 'Gluten-Free', 'Wheat-Free', 'Egg-Free', 'Peanut-Free', 'Tree-Nut-Free', 'Soy-Free', 'Fish-Free', 'Shellfish-Free', 'Pork-Free', 'Red-Meat-Free', 'Crustacean-Free', 'Celery-Free', 'Mustard-Free', 'Lupine-Free', 'Mollusk-Free', 'Alcohol-Free', 'Sulfite-Free', 'FODMAP-Free', 'Kosher', 'Immuno-Supportive']",['lunch/dinner'],4
Strawberry Vodka,"['Low-Fat', 'Low-Sodium']","['Sugar-Conscious', 'Low Potassium', 'Kidney-Friendly', 'Keto-Friendly', 'Vegan', 'Vegetarian', 'Pescatarian', 'Paleo', 'Mediterranean', 'Dairy-Free', 'Gluten-Free', 'Wheat-Free', 'Egg-Free', 'Peanut-Free', 'Tree-Nut-Free', 'Soy-Free', 'Fish-Free', 'Shellfish-Free', 'Pork-Free', 'Red-Meat-Free', 'Crustacean-Free', 'Celery-Free', 'Mustard-Free', 'Sesame-Free', 'Lupine-Free', 'Mollusk-Free', 'No oil added', 'Sulfite-Free', 'Kosher', 'Alcohol-Cocktail']",['lunch/dinner'],3
Grapefruit-Campari Sorbet,"['Low-Fat', 'Low-Sodium']","['Vegan', 'Vegetarian', 'Pescatarian', 'Dairy-Free', 'Gluten-Free', 'Wheat-Free', 'Egg-Free', 'Peanut-Free', 'Tree-Nut-Free', 'Soy-Free', 'Fish-Free', 'Shellfish-Free', 'Pork-Free', 'Red-Meat-Free', 'Crustacean-Free', 'Celery-Free', 'Mustard-Free', 'Sesame-Free', 'Lupine-Free', 'Mollusk-Free', 'No oil added', 'Kosher']",['lunch/dinner'],3
Rhubarb Juice Recipe,"['Low-Fat', 'Low-Sodium']","['Sugar-Conscious', 'Low Potassium', 'Kidney-Friendly', 'Keto-Friendly', 'Vegan', 'Vegetarian', 'Pescatarian', 'Paleo', 'Mediterranean', 'Dairy-Free', 'Gluten-Free', 'Wheat-Free', 'Egg-Free', 'Peanut-Free', 'Tree-Nut-Free', 'Soy-Free', 'Fish-Free', 'Shellfish-Free', 'Pork-Free', 'Red-Meat-Free', 'Crustacean-Free', 'Celery-Free', 'Mustard-Free', 'Sesame-Free', 'Lupine-Free', 'Mollusk-Free', 'Alcohol-Free', 'No oil added', 'Sulfite-Free', 'FODMAP-Free', 'Kosher', 'Immuno-Supportive']",['lunch/dinner'],3
DIY Coconut Rum Recipe,"['Low-Fat', 'Low-Sodium']","['Sugar-Conscious', 'Low Potassium', 'Kidney-Friendly', 'Keto-Friendly', 'Vegan', 'Vegetarian', 'Pescatarian', 'Paleo', 'Mediterranean', 'Dairy-Free', 'Gluten-Free', 'Wheat-Free', 'Egg-Free', 'Peanut-Free', 'Tree-Nut-Free', 'Soy-Free', 'Fish-Free', 'Shellfish-Free', 'Pork-Free', 'Red-Meat-Free', 'Crustacean-Free', 'Celery-Free', 'Mustard-Free', 'Sesame-Free', 'Lupine-Free', 'Mollusk-Free', 'No oil added', 'Sulfite-Free', 'Kosher', 'Alcohol-Cocktail']",['lunch/dinner'],3
Pomegranate Americano Recipe,"['Low-Fat', 'Low-Sodium']","['Low Potassium', 'Kidney-Friendly', 'Vegan', 'Vegetarian', 'Pescatarian', 'Mediterranean', 'Dairy-Free', 'Gluten-Free', 'Wheat-Free', 'Egg-Free', 'Peanut-Free', 'Tree-Nut-Free', 'Soy-Free', 'Fish-Free', 'Shellfish-Free', 'Pork-Free', 'Red-Meat-Free', 'Crustacean-Free', 'Celery-Free', 'Mustard-Free', 'Sesame-Free', 'Lupine-Free', 'Mollusk-Free', 'No oil added', 'Sulfite-Free', 'Kosher']",['lunch/dinner'],3
Cold Brew Iced Coffee Recipe,"['Low-Fat', 'Low-Sodium']","['Sugar-Conscious', 'Low Sugar', 'Vegan', 'Vegetarian', 'Pescatarian', 'Mediterranean', 'Dairy-Free', 'Gluten-Free', 'Wheat-Free', 'Egg-Free', 'Peanut-Free', 'Tree-Nut-Free', 'Soy-Free', 'Fish-Free', 'Shellfish-Free', 'Pork-Free', 'Red-Meat-Free', 'Crustacean-Free', 'Celery-Free', 'Mustard-Free', 'Sesame-Free', 'Lupine-Free', 'Mollusk-Free', 'Alcohol-Free', 'No oil added', 'Sulfite-Free', 'Kosher']",['teatime'],3
Andy Ricker's Naam Cheuam Naam Taan Piip (Palm Sugar Simple Syrup),"['Low-Fat', 'Low-Sodium']","['Low Potassium', 'Kidney-Friendly', 'Vegan', 'Vegetarian', 'Pescatarian', 'Dairy-Free', 'Gluten-Free', 'Wheat-Free', 'Egg-Free', 'Peanut-Free', 'Tree-Nut-Free', 'Soy-Free', 'Fish-Free', 'Shellfish-Free', 'Pork-Free', 'Red-Meat-Free', 'Crustacean-Free', 'Celery-Free', 'Mustard-Free', 'Sesame-Free', 'Lupine-Free', 'Mollusk-Free', 'Alcohol-Free', 'No oil added', 'FODMAP-Free', 'Kosher']",['breakfast'],3
Tequila por mi Amante Recipe,"['Low-Fat', 'Low-Sodium']","['Low Potassium', 'Kidney-Friendly', 'Keto-Friendly', 'Vegan', 'Vegetarian', 'Pescatarian', 'Paleo', 'Mediterranean', 'Dairy-Free', 'Gluten-Free', 'Wheat-Free', 'Egg-Free', 'Peanut-Free', 'Tree-Nut-Free', 'Soy-Free', 'Fish-Free', 'Shellfish-Free', 'Pork-Free', 'Red-Meat-Free', 'Crustacean-Free', 'Celery-Free', 'Mustard-Free', 'Sesame-Free', 'Lupine-Free', 'Mollusk-Free', 'No oil added', 'Sulfite-Free', 'Kosher', 'Alcohol-Cocktail']",['lunch/dinner'],3
Rice Vinegar From 'Bar Tartine',"['Low-Fat', 'Low-Sodium']","['Sugar-Conscious', 'Low Potassium', 'Kidney-Friendly', 'Keto-Friendly', 'Vegan', 'Vegetarian', 'Pescatarian', 'Paleo', 'Dairy-Free', 'Gluten-Free', 'Wheat-Free', 'Egg-Free', 'Peanut-Free', 'Tree-Nut-Free', 'Soy-Free', 'Fish-Free', 'Shellfish-Free', 'Pork-Free', 'Red-Meat-Free', 'Crustacean-Free', 'Celery-Free', 'Mustard-Free', 'Sesame-Free', 'Lupine-Free', 'Mollusk-Free', 'No oil added', 'Sulfite-Free', 'Kosher', 'Alcohol-Cocktail']",['lunch/dinner'],3
Time for a Drink: The Stinger Recipe,"['Low-Fat', 'Low-Sodium']","['Low Potassium', 'Kidney-Friendly', 'Keto-Friendly', 'Vegan', 'Vegetarian', 'Pescatarian', 'Mediterranean', 'Dairy-Free', 'Wheat-Free', 'Egg-Free', 'Peanut-Free', 'Tree-Nut-Free', 'Soy-Free', 'Fish-Free', 'Shellfish-Free', 'Pork-Free', 'Red-Meat-Free', 'Crustacean-Free', 'Celery-Free', 'Mustard-Free', 'Sesame-Free', 'Lupine-Free', 'Mollusk-Free', 'No oil added', 'Sulfite-Free', 'Kosher', 'Alcohol-Cocktail']",['lunch/dinner'],3
Habanero Tequila Recipe,"['Low-Fat', 'Low-Sodium']","['Sugar-Conscious', 'Kidney-Friendly', 'Keto-Friendly', 'Vegan', 'Vegetarian', 'Pescatarian', 'Paleo', 'Dairy-Free', 'Gluten-Free', 'Wheat-Free', 'Egg-Free', 'Peanut-Free', 'Tree-Nut-Free', 'Soy-Free', 'Fish-Free', 'Shellfish-Free', 'Pork-Free', 'Red-Meat-Free', 'Crustacean-Free', 'Celery-Free', 'Mustard-Free', 'Sesame-Free', 'Lupine-Free', 'Mollusk-Free', 'No oil added', 'Sulfite-Free', 'Kosher', 'Alcohol-Cocktail']",['lunch/dinner'],3
Candy Apple Recipe,"['Low-Fat', 'Low-Sodium']","['Sugar-Conscious', 'Low Sugar', 'Low Potassium', 'Kidney-Friendly', 'Vegan', 'Vegetarian', 'Pescatarian', 'Mediterranean', 'Dairy-Free', 'Egg-Free', 'Peanut-Free', 'Tree-Nut-Free', 'Soy-Free', 'Fish-Free', 'Shellfish-Free', 'Pork-Free', 'Red-Meat-Free', 'Crustacean-Free', 'Celery-Free', 'Mustard-Free', 'Sesame-Free', 'Lupine-Free', 'Mollusk-Free', 'No oil added', 'Kosher', 'Alcohol-Cocktail']",['lunch/dinner'],3
Ferrari Cocktail Recipe,"['Low-Fat', 'Low-Sodium']","['Sugar-Conscious', 'Low Sugar', 'Low Potassium', 'Kidney-Friendly', 'Keto-Friendly', 'Vegan', 'Vegetarian', 'Pescatarian', 'Paleo', 'Mediterranean', 'Dairy-Free', 'Gluten-Free', 'Wheat-Free', 'Egg-Free', 'Peanut-Free', 'Tree-Nut-Free', 'Soy-Free', 'Fish-Free', 'Shellfish-Free', 'Pork-Free', 'Red-Meat-Free', 'Crustacean-Free', 'Celery-Free', 'Mustard-Free', 'Sesame-Free', 'Lupine-Free', 'Mollusk-Free', 'No oil added', 'Sulfite-Free', 'Kosher', 'Alcohol-Cocktail']",['lunch/dinner'],3
